Product_Name,Category,Personal_Color_Type,Bone_Structure_Type,Color_Group,Description
グロッシーネイルポリッシュ,ネイル,イエベ秋,ストレート,ベビーピンク,透明感のある発色で、自然な仕上がりに。
コンフォートスニーカー,シューズ,ブルベ夏,ストレート,ネイビーブルー,高機能で肌に優しい処方です。
モイスチャーファンデ,ベースメイク,イエベ春,ストレート,ベージュ,日常使いに最適な、肌馴染みの良いアイテムです。
ナチュラルチーク,チーク,ブルベ冬,ウェーブ,ブラウン,リラックス感がありながらも、こなれた印象に仕上げます。
コンフォートスニーカー,シューズ,イエベ秋,ウェーブ,ホワイト,トレンドを取り入れたシルエットで今っぽさを演出。
シンプルスカート,ボトムス,イエベ秋,ナチュラル,アイボリー,トレンドを取り入れたシルエットで今っぽさを演出。
シャイニーアイシャドウ リキッド,アイシャドウ,ブルベ夏,ナチュラル,ミントグリーン,快適な履き心地で長時間の移動にもおすすめです。
グロッシーネイルポリッシュ,ネイル,ブルベ冬,ナチュラル,ベージュ,血色感をプラスし、健康的な印象を演出します。
ベーシックシャツ Tシャツ,トップス,ブルベ夏,ウェーブ,スカイブルー,洗練されたデザインでビジネスシーンにも活躍します。
グロッシーネイルポリッシュ,ネイル,ブルベ夏,ナチュラル,ホワイト,洗練されたデザインでビジネスシーンにも活躍します。
シンプルスカート,ボトムス,イエベ春,ウェーブ,ブラック,血色感をプラスし、健康的な印象を演出します。
ドロップショルダーT Tシャツ,トップス,ブルベ冬,ナチュラル,ブラック,上質な素材で肌触りも良く、着心地抜群です。
モイスチャーファンデ,ベースメイク,イエベ秋,ナチュラル,アイボリー,快適なフィット感で歩きやすく、疲れにくいです。
ナチュラルチーク,チーク,ブルベ冬,ナチュラル,ピーチ,指先を美しく彩る高発色ネイルポリッシュ。
トレンチコート,アウター,ブルベ冬,ウェーブ,カーキ,乾燥しにくく、しっとりとした潤いが続きます。
スリムフィットデニム,ボトムス,ブルベ夏,ストレート,インディゴ,オフィスにも着ていける上品なデザインが魅力です。
シンプルスカート,ボトムス,ブルベ冬,ウェーブ,アイボリー,日常使いに最適な、上質な素材を使用しています。
ナチュラルチーク,チーク,イエベ秋,ストレート,ベージュ,繊細なラメが光を反射し、華やかさをプラスします。
ミニマルフープピアス,アクセサリー,イエベ春,ウェーブ,シルバー,繊細なラメが光を反射し、華やかさをプラスします。
プリントワンピース,ワンピース,ブルベ夏,ウェーブ,イエローゴールド,季節の変わり目に重宝する、着回し力の高いアイテム。
グロッシーネイルポリッシュ,ネイル,ブルベ夏,ウェーブ,グレー,重ね塗りで印象が自由自在に変わります。
ストレートパンツ,ボトムス,ブルベ夏,ナチュラル,ネイビーブルー,快適なフィット感で歩きやすく、疲れにくいです。
コンフォートスニーカー,シューズ,イエベ秋,ナチュラル,グレー,大容量で普段使いに最適なバッグ。
シンプルスカート,ボトムス,ブルベ冬,ウェーブ,ダスティローズ,トレンドを取り入れたシルエットで今っぽさを演出。
トレンチコート,アウター,ブルベ夏,ストレート,ネイビーブルー,日常使いに最適な、肌馴染みの良いアイテムです。
コンフォートスニーカー,シューズ,イエベ春,ナチュラル,グレー,定番のアイテムで、どんなボトムスにも合わせやすいです。
モイスチャーファンデ,ベースメイク,ブルベ夏,ストレート,ベージュ,どんなスタイルにも合わせやすい、万能なシューズ。
ドロップショルダーT シャツ,トップス,ブルベ冬,ストレート,アースカラー,長時間よれにくいウォータープルーフ処方です。
クルーネックニット シャツ,トップス,イエベ春,ナチュラル,バーガンディ,透明感のある発色で、自然な仕上がりに。
レザートート,バッグ,イエベ春,ナチュラル,ワインレッド,快適なフィット感で歩きやすく、疲れにくいです。
ナチュラルチーク,チーク,ブルベ冬,ナチュラル,ベージュ,上質な素材で肌触りも良く、着心地抜群です。
シャイニーアイシャドウ シングル,アイシャドウ,イエベ春,ウェーブ,ラベンダー,どんなスタイルにも合わせやすい、万能なシューズ。
ミニマルフープピアス,アクセサリー,イエベ春,ナチュラル,シルバー,定番のアイテムで、どんなボトムスにも合わせやすいです。
プリントワンピース,ワンピース,ブルベ冬,ストレート,レッド,上質な素材で肌触りも良く、着心地抜群です。
プリントワンピース,ワンピース,ブルベ冬,ウェーブ,スカイブルー,一日中崩れにくい、完璧なベースメイクを叶えます。
シンプルスカート,ボトムス,ブルベ夏,ナチュラル,ライトブルー,女性らしい柔らかな印象を与えるデザインが魅力です。
レザートート,バッグ,ブルベ冬,ナチュラル,ワインレッド,なめらかなテクスチャーで肌にすっと伸びます。
レザートート,バッグ,イエベ春,ウェーブ,ブラウン,洗練されたデザインでビジネスシーンにも活躍します。
モイスチャーファンデ,ベースメイク,ブルベ夏,ナチュラル,ベージュ,日常使いに最適な、肌馴染みの良いアイテムです。
ドロップショルダーT セーター,トップス,ブルベ夏,ナチュラル,オレンジ,長時間よれにくいウォータープルーフ処方です。
グロッシーネイルポリッシュ,ネイル,ブルベ冬,ストレート,ホワイト,日常使いに最適な、上質な素材を使用しています。
シンプルスカート,ボトムス,イエベ秋,ナチュラル,ブラック,なめらかなテクスチャーで肌にすっと伸びます。
トレンチコート,アウター,イエベ秋,ウェーブ,ベージュ,重ね塗りで印象が自由自在に変わります。
シルキーリップ ティント,リップ,ブルベ冬,ナチュラル,ソフトピーチ,季節の変わり目に重宝する、着回し力の高いアイテム。
シャイニーアイシャドウ リキッド,アイシャドウ,ブルベ夏,ナチュラル,ブラウン,一枚でサマになる、エレガントなワンピース。
シルキーリップ スティック,リップ,イエベ秋,ナチュラル,ベビーピンク,日常使いに最適な、上質な素材を使用しています。
クルーネックニット Tシャツ,トップス,イエベ春,ナチュラル,チャコールグレー,なめらかなテクスチャーで肌にすっと伸びます。
ベーシックシャツ セーター,トップス,イエベ春,ストレート,ベージュ,足元をエレガントに演出するデザインです。
コンフォートスニーカー,シューズ,イエベ春,ストレート,ネイビーブルー,脚長効果抜群のスリムフィットパンツ。
シャイニーアイシャドウ シングル,アイシャドウ,ブルベ冬,ナチュラル,ブラウン,日常使いに最適な、上質な素材を使用しています。
ナチュラルチーク,チーク,ブルベ夏,ストレート,コーラル,上質な素材で肌触りも良く、着心地抜群です。
ナチュラルチーク,チーク,ブルベ夏,ストレート,ブラウン,女性らしい柔らかな印象を与えるデザインが魅力です。
スリムフィットデニム,ボトムス,ブルベ冬,ストレート,インディゴ,上質な素材で肌触りも良く、着心地抜群です。
ストレートパンツ,ボトムス,イエベ秋,ウェーブ,グレー,上品なシルエットで、どんなスタイルにもマッチします。
ナチュラルチーク,チーク,ブルベ冬,ウェーブ,ピーチ,足元をエレガントに演出するデザインです。
グロッシーネイルポリッシュ,ネイル,イエベ秋,ウェーブ,ネイビーブルー,快適な履き心地で長時間の移動にもおすすめです。
ベーシックシャツ Tシャツ,トップス,ブルベ夏,ストレート,ベージュ,休日のカジュアルスタイルにもぴったりの一着。
ベーシックシャツ セーター,トップス,イエベ秋,ナチュラル,ブラック,すっきりとしたシルエットでスタイルアップ効果も。
モイスチャーファンデ,ベースメイク,イエベ秋,ウェーブ,ベージュ,顔周りを華やかに彩る、アクセントになる一品。
ナチュラルチーク,チーク,ブルベ冬,ナチュラル,フューシャ,日常使いに最適な、肌馴染みの良いアイテムです。
コンフォートスニーカー,シューズ,イエベ春,ウェーブ,ブラック,自然なツヤ感で立体感を演出するメイクアイテム。
グロッシーネイルポリッシュ,ネイル,ブルベ冬,ナチュラル,グレー,顔周りを華やかに彩る、アクセントになる一品。
モイスチャーファンデ,ベースメイク,イエベ秋,ストレート,ベージュ,女性らしい柔らかな印象を与えるデザインが魅力です。
プリントワンピース,ワンピース,イエベ秋,ストレート,スカイブルー,一枚でサマになる、エレガントなワンピース。
グロッシーネイルポリッシュ,ネイル,イエベ秋,ストレート,ホワイト,快適なフィット感で歩きやすく、疲れにくいです。
ベーシックシャツ ブラウス,トップス,ブルベ冬,ストレート,ブラック,オフィスにも着ていける上品なデザインが魅力です。
ナチュラルチーク,チーク,イエベ秋,ウェーブ,ピーチ,快適な履き心地で長時間の移動にもおすすめです。
ストレートパンツ,ボトムス,ブルベ冬,ナチュラル,グレー,一日中崩れにくい、完璧なベースメイクを叶えます。
ミニマルフープピアス,アクセサリー,ブルベ夏,ナチュラル,シルバー,ファッションのアクセントになる、目を引くアイテム。
プリントワンピース,ワンピース,イエベ秋,ウェーブ,レッド,血色感をプラスし、健康的な印象を演出します。
トレンチコート,アウター,ブルベ冬,ストレート,ベージュ,リラックス感がありながらも、こなれた印象に仕上げます。
コンフォートスニーカー,シューズ,イエベ春,ナチュラル,ネイビーブルー,定番のアイテムで、どんなボトムスにも合わせやすいです。
プリントワンピース,ワンピース,ブルベ冬,ナチュラル,レッド,長時間よれにくいウォータープルーフ処方です。
グロッシーネイルポリッシュ,ネイル,ブルベ冬,ナチュラル,レッド,繊細なラメが光を反射し、華やかさをプラスします。
ベーシックシャツ セーター,トップス,イエベ春,ウェーブ,ブラック,すっきりとしたシルエットでスタイルアップ効果も。
トレンチコート,アウター,ブルベ夏,ストレート,ネイビーブルー,小顔効果が期待できる、こだわりのデザイン。
シルキーリップ グロス,リップ,ブルベ冬,ナチュラル,ダスティローズ,自然なツヤ感で立体感を演出するメイクアイテム。
ナチュラルチーク,チーク,ブルベ冬,ストレート,フューシャ,血色感をプラスし、健康的な印象を演出します。
シルキーリップ グロス,リップ,イエベ春,ウェーブ,ライトコーラル,日常使いに最適な、肌馴染みの良いアイテムです。
クルーネックニット ブラウス,トップス,イエベ春,ウェーブ,バーガンディ,オフィスにも着ていける上品なデザインが魅力です。
スリムフィットデニム,ボトムス,イエベ春,ナチュラル,インディゴ,重ね塗りで印象が自由自在に変わります。
ベーシックシャツ Tシャツ,トップス,イエベ秋,ナチュラル,スカイブルー,日常使いに最適な、肌馴染みの良いアイテムです。
モイスチャーファンデ,ベースメイク,ブルベ冬,ウェーブ,アイボリー,どんなスタイルにも合わせやすい、万能なシューズ。
クルーネックニット セーター,トップス,イエベ秋,ウェーブ,チャコールグレー,上品なシルエットで、どんなスタイルにもマッチします。
モイスチャーファンデ,ベースメイク,イエベ春,ナチュラル,アイボリー,繊細なラメが光を反射し、華やかさをプラスします。
コンフォートスニーカー,シューズ,ブルベ夏,ナチュラル,ブラック,休日のカジュアルスタイルにもぴったりの一着。
クルーネックニット セーター,トップス,イエベ春,ナチュラル,ラベンダー,一枚でサマになる、エレガントなワンピース。
コンフォートスニーカー,シューズ,イエベ秋,ナチュラル,グレー,脚長効果抜群のスリムフィットパンツ。
トレンチコート,アウター,イエベ春,ウェーブ,カーキ,高機能で肌に優しい処方です。
クルーネックニット Tシャツ,トップス,イエベ秋,ナチュラル,ブラウン,指先を美しく彩る高発色ネイルポリッシュ。
グロッシーネイルポリッシュ,ネイル,イエベ秋,ナチュラル,ベビーピンク,定番のアイテムで、どんなボトムスにも合わせやすいです。
グロッシーネイルポリッシュ,ネイル,ブルベ冬,ストレート,ネイビーブルー,重ね塗りで印象が自由自在に変わります。
モイスチャーファンデ,ベースメイク,イエベ秋,ウェーブ,ベージュ,すっきりとしたシルエットでスタイルアップ効果も。
ベーシックシャツ ブラウス,トップス,ブルベ夏,ウェーブ,ホワイト,繊細なラメが光を反射し、華やかさをプラスします。
コンフォートスニーカー,シューズ,イエベ春,ナチュラル,ブラック,繊細なラメが光を反射し、華やかさをプラスします。
ナチュラルチーク,チーク,ブルベ夏,ストレート,ローズ,リラックス感がありながらも、こなれた印象に仕上げます。
トレンチコート,アウター,イエベ秋,ウェーブ,ネイビーブルー,自然なツヤ感で立体感を演出するメイクアイテム。
クルーネックニット Tシャツ,トップス,イエベ春,ウェーブ,ブラウン,乾燥しにくく、しっとりとした潤いが続きます。
シンプルスカート,ボトムス,イエベ春,ストレート,ダスティローズ,休日のカジュアルスタイルにもぴったりの一着。
ナチュラルチーク,チーク,イエベ春,ナチュラル,フューシャ,定番のアイテムで、どんなボトムスにも合わせやすいです。
ミニマルフープピアス,アクセサリー,ブルベ夏,ウェーブ,ゴールド,一日中崩れにくい、完璧なベースメイクを叶えます。
スリムフィットデニム,ボトムス,ブルベ冬,ウェーブ,ライトブルー,トレンドを取り入れたシルエットで今っぽさを演出。
トレンチコート,アウター,イエベ秋,ウェーブ,ベージュ,顔周りを華やかに彩る、アクセントになる一品。
ナチュラルチーク,チーク,ブルベ夏,ストレート,ブラウン,乾燥しにくく、しっとりとした潤いが続きます。
シルキーリップ グロス,リップ,ブルベ冬,ナチュラル,ライトコーラル,乾燥しにくく、しっとりとした潤いが続きます。
ストレートパンツ,ボトムス,イエベ春,ストレート,ブラック,快適なフィット感で歩きやすく、疲れにくいです。
シャイニーアイシャドウ パレット,アイシャドウ,ブルベ冬,ストレート,ラベンダー,トレンドを取り入れたシルエットで今っぽさを演出。
シルキーリップ バーム,リップ,イエベ秋,ストレート,レッド,小顔効果が期待できる、こだわりのデザイン。
ナチュラルチーク,チーク,ブルベ冬,ナチュラル,ローズ,日常使いに最適な、肌馴染みの良いアイテムです。
ストレートパンツ,ボトムス,イエベ春,ストレート,ベージュ,上品なシルエットで、どんなスタイルにもマッチします。
コンフォートスニーカー,シューズ,ブルベ夏,ナチュラル,グレー,カジュアルながらも着回し力抜群のアイテム。
トレンチコート,アウター,ブルベ夏,ストレート,カーキ,日常使いに最適な、肌馴染みの良いアイテムです。
シャイニーアイシャドウ パレット,アイシャドウ,イエベ秋,ナチュラル,イエローゴールド,長時間よれにくいウォータープルーフ処方です。
レザートート,バッグ,ブルベ夏,ウェーブ,ベージュ,脚長効果抜群のスリムフィットパンツ。
ナチュラルチーク,チーク,ブルベ冬,ナチュラル,ピーチ,小顔効果が期待できる、こだわりのデザイン。
モイスチャーファンデ,ベースメイク,イエベ秋,ウェーブ,アイボリー,小顔効果が期待できる、こだわりのデザイン。
クルーネックニット シャツ,トップス,ブルベ夏,ナチュラル,ブラウン,上質な素材で肌触りも良く、着心地抜群です。
ドロップショルダーT シャツ,トップス,イエベ秋,ウェーブ,オレンジ,高機能で肌に優しい処方です。
ナチュラルチーク,チーク,ブルベ冬,ナチュラル,フューシャ,ファッションのアクセントになる、目を引くアイテム。
ドロップショルダーT セーター,トップス,ブルベ夏,ストレート,オレンジ,長時間よれにくいウォータープルーフ処方です。
モイスチャーファンデ,ベースメイク,ブルベ夏,ナチュラル,アイボリー,長時間よれにくいウォータープルーフ処方です。
ミニマルフープピアス,アクセサリー,イエベ秋,ストレート,ゴールド,女性らしい柔らかな印象を与えるデザインが魅力です。
グロッシーネイルポリッシュ,ネイル,イエベ春,ナチュラル,ホワイト,女性らしい柔らかな印象を与えるデザインが魅力です。
クルーネックニット ブラウス,トップス,イエベ秋,ナチュラル,ラベンダー,なめらかなテクスチャーで肌にすっと伸びます。
コンフォートスニーカー,シューズ,イエベ秋,ストレート,グレー,乾燥しにくく、しっとりとした潤いが続きます。
シンプルスカート,ボトムス,イエベ秋,ストレート,ダスティローズ,脚長効果抜群のスリムフィットパンツ。
モイスチャーファンデ,ベースメイク,ブルベ冬,ストレート,オークル,快適な履き心地で長時間の移動にもおすすめです。
コンフォートスニーカー,シューズ,ブルベ夏,ナチュラル,ネイビーブルー,高機能で肌に優しい処方です。
トレンチコート,アウター,ブルベ夏,ウェーブ,ネイビーブルー,季節の変わり目に重宝する、着回し力の高いアイテム。
シンプルスカート,ボトムス,ブルベ夏,ウェーブ,ブラック,長時間よれにくいウォータープルーフ処方です。
レザートート,バッグ,イエベ春,ウェーブ,ベージュ,日常使いに最適な、肌馴染みの良いアイテムです。
ミニマルフープピアス,アクセサリー,イエベ春,ナチュラル,ゴールド,一日中崩れにくい、完璧なベースメイクを叶えます。
プリントワンピース,ワンピース,イエベ秋,ナチュラル,プラム,長時間よれにくいウォータープルーフ処方です。
モイスチャーファンデ,ベースメイク,ブルベ夏,ストレート,ベージュ,すっきりとしたシルエットでスタイルアップ効果も。
レザートート,バッグ,ブルベ夏,ストレート,ブラック,リラックス感がありながらも、こなれた印象に仕上げます。
コンフォートスニーカー,シューズ,イエベ春,ストレート,ネイビーブルー,快適な履き心地で長時間の移動にもおすすめです。
ベーシックシャツ ブラウス,トップス,ブルベ冬,ナチュラル,ネイビーブルー,上質な素材で肌触りも良く、着心地抜群です。
ナチュラルチーク,チーク,ブルベ冬,ナチュラル,ローズ,女性らしい柔らかな印象を与えるデザインが魅力です。
ベーシックシャツ シャツ,トップス,ブルベ冬,ウェーブ,ネイビーブルー,日常使いに最適な、上質な素材を使用しています。
ミニマルフープピアス,アクセサリー,ブルベ冬,ウェーブ,シルバー,乾燥しにくく、しっとりとした潤いが続きます。
シャイニーアイシャドウ パレット,アイシャドウ,ブルベ夏,ウェーブ,カーキ,リラックス感がありながらも、こなれた印象に仕上げます。
ナチュラルチーク,チーク,イエベ春,ウェーブ,ブラウン,高機能で肌に優しい処方です。
シルキーリップ ティント,リップ,ブルベ冬,ウェーブ,レッド,定番のアイテムで、どんなボトムスにも合わせやすいです。
ドロップショルダーT ブラウス,トップス,イエベ春,ストレート,アースカラー,デコルテを綺麗に見せるVネックデザイン。
スリムフィットデニム,ボトムス,イエベ秋,ウェーブ,インディゴ,一枚でサマになる、エレガントなワンピース。
トレンチコート,アウター,イエベ春,ウェーブ,カーキ,洗練されたデザインでビジネスシーンにも活躍します。
ドロップショルダーT ブラウス,トップス,イエベ春,ウェーブ,ミントグリーン,一日中崩れにくい、完璧なベースメイクを叶えます。
プリントワンピース,ワンピース,ブルベ夏,ウェーブ,プラム,デコルテを綺麗に見せるVネックデザイン。
シャイニーアイシャドウ パレット,アイシャドウ,イエベ秋,ウェーブ,カーキ,季節の変わり目に重宝する、着回し力の高いアイテム。
スリムフィットデニム,ボトムス,イエベ春,ストレート,インディゴ,小顔効果が期待できる、こだわりのデザイン。
シンプルスカート,ボトムス,イエベ春,ストレート,ライトブルー,乾燥しにくく、しっとりとした潤いが続きます。
レザートート,バッグ,イエベ秋,ウェーブ,ブラック,定番のアイテムで、どんなボトムスにも合わせやすいです。
ベーシックシャツ Tシャツ,トップス,ブルベ冬,ウェーブ,スカイブルー,透明感のある発色で、自然な仕上がりに。
シルキーリップ スティック,リップ,イエベ秋,ウェーブ,ダスティローズ,どんなスタイルにも合わせやすい、万能なシューズ。
レザートート,バッグ,イエベ秋,ストレート,ワインレッド,定番のアイテムで、どんなボトムスにも合わせやすいです。
レザートート,バッグ,ブルベ冬,ストレート,ベージュ,繊細なラメが光を反射し、華やかさをプラスします。
スリムフィットデニム,ボトムス,ブルベ夏,ウェーブ,インディゴ,日常使いに最適な、上質な素材を使用しています。
コンフォートスニーカー,シューズ,ブルベ夏,ウェーブ,ホワイト,繊細なラメが光を反射し、華やかさをプラスします。
モイスチャーファンデ,ベースメイク,イエベ秋,ナチュラル,ベージュ,女性らしい柔らかな印象を与えるデザインが魅力です。
スリムフィットデニム,ボトムス,ブルベ夏,ストレート,ブラック,一枚でサマになる、エレガントなワンピース。
ストレートパンツ,ボトムス,イエベ春,ストレート,ベージュ,自然なツヤ感で立体感を演出するメイクアイテム。
コンフォートスニーカー,シューズ,ブルベ夏,ウェーブ,ネイビーブルー,大容量で普段使いに最適なバッグ。
コンフォートスニーカー,シューズ,ブルベ冬,ストレート,ブラック,すっきりとしたシルエットでスタイルアップ効果も。
ベーシックシャツ Tシャツ,トップス,イエベ春,ストレート,カーキ,トレンドを取り入れたシルエットで今っぽさを演出。
クルーネックニット ブラウス,トップス,ブルベ冬,ストレート,クリームホワイト,透明感のある発色で、自然な仕上がりに。
スリムフィットデニム,ボトムス,イエベ秋,ウェーブ,ブラック,トレンドを取り入れたシルエットで今っぽさを演出。
プリントワンピース,ワンピース,ブルベ冬,ウェーブ,イエローゴールド,女性らしい柔らかな印象を与えるデザインが魅力です。
シンプルスカート,ボトムス,ブルベ夏,ナチュラル,ダスティローズ,自然なツヤ感で立体感を演出するメイクアイテム。
モイスチャーファンデ,ベースメイク,ブルベ冬,ウェーブ,アイボリー,洗練されたデザインでビジネスシーンにも活躍します。
スリムフィットデニム,ボトムス,ブルベ夏,ウェーブ,インディゴ,長時間よれにくいウォータープルーフ処方です。
シャイニーアイシャドウ シングル,アイシャドウ,ブルベ冬,ストレート,カーキ,女性らしい柔らかな印象を与えるデザインが魅力です。
プリントワンピース,ワンピース,ブルベ夏,ウェーブ,プラム,脚長効果抜群のスリムフィットパンツ。
グロッシーネイルポリッシュ,ネイル,イエベ春,ナチュラル,ネイビーブルー,どんなスタイルにも合わせやすい、万能なシューズ。
レザートート,バッグ,ブルベ冬,ナチュラル,ベージュ,大容量で普段使いに最適なバッグ。
ストレートパンツ,ボトムス,イエベ秋,ウェーブ,グレー,上品なシルエットで、どんなスタイルにもマッチします。
ミニマルフープピアス,アクセサリー,ブルベ冬,ウェーブ,シルバー,すっきりとしたシルエットでスタイルアップ効果も。
ベーシックシャツ ブラウス,トップス,ブルベ夏,ナチュラル,ブラック,顔周りを華やかに彩る、アクセントになる一品。
スリムフィットデニム,ボトムス,ブルベ冬,ナチュラル,インディゴ,デコルテを綺麗に見せるVネックデザイン。
スリムフィットデニム,ボトムス,ブルベ冬,ナチュラル,ライトブルー,オフィスにも着ていける上品なデザインが魅力です。
シルキーリップ バーム,リップ,ブルベ夏,ナチュラル,レッド,一枚でサマになる、エレガントなワンピース。
クルーネックニット ブラウス,トップス,イエベ春,ストレート,バーガンディ,指先を美しく彩る高発色ネイルポリッシュ。
ナチュラルチーク,チーク,イエベ春,ナチュラル,ベージュ,小顔効果が期待できる、こだわりのデザイン。
ナチュラルチーク,チーク,ブルベ冬,ストレート,ピーチ,快適な履き心地で長時間の移動にもおすすめです。
ストレートパンツ,ボトムス,イエベ秋,ストレート,ブラック,上質な素材で肌触りも良く、着心地抜群です。
スリムフィットデニム,ボトムス,ブルベ夏,ナチュラル,インディゴ,デコルテを綺麗に見せるVネックデザイン。
トレンチコート,アウター,イエベ秋,ストレート,ネイビーブルー,血色感をプラスし、健康的な印象を演出します。
ドロップショルダーT シャツ,トップス,ブルベ冬,ストレート,ホワイト,重ね塗りで印象が自由自在に変わります。
グロッシーネイルポリッシュ,ネイル,ブルベ冬,ナチュラル,ホワイト,大容量で普段使いに最適なバッグ。
レザートート,バッグ,ブルベ夏,ウェーブ,ベージュ,女性らしい柔らかな印象を与えるデザインが魅力です。
ストレートパンツ,ボトムス,ブルベ冬,ナチュラル,グレー,乾燥しにくく、しっとりとした潤いが続きます。
シンプルスカート,ボトムス,イエベ春,ナチュラル,ダスティローズ,乾燥しにくく、しっとりとした潤いが続きます。
クルーネックニット セーター,トップス,ブルベ夏,ウェーブ,クリームホワイト,デコルテを綺麗に見せるVネックデザイン。
モイスチャーファンデ,ベースメイク,ブルベ冬,ストレート,ベージュ,小顔効果が期待できる、こだわりのデザイン。
シルキーリップ ティント,リップ,イエベ秋,ストレート,ライトコーラル,オフィスにも着ていける上品なデザインが魅力です。
クルーネックニット ブラウス,トップス,ブルベ冬,ウェーブ,クリームホワイト,オフィスにも着ていける上品なデザインが魅力です。
シャイニーアイシャドウ シングル,アイシャドウ,ブルベ冬,ウェーブ,アプリコット,透明感のある発色で、自然な仕上がりに。
グロッシーネイルポリッシュ,ネイル,イエベ秋,ストレート,レッド,快適な履き心地で長時間の移動にもおすすめです。
グロッシーネイルポリッシュ,ネイル,イエベ春,ストレート,レッド,季節の変わり目に重宝する、着回し力の高いアイテム。
コンフォートスニーカー,シューズ,イエベ春,ナチュラル,ネイビーブルー,血色感をプラスし、健康的な印象を演出します。
トレンチコート,アウター,イエベ春,ナチュラル,ベージュ,一日中崩れにくい、完璧なベースメイクを叶えます。
モイスチャーファンデ,ベースメイク,イエベ秋,ウェーブ,オークル,なめらかなテクスチャーで肌にすっと伸びます。
ナチュラルチーク,チーク,イエベ春,ウェーブ,フューシャ,デコルテを綺麗に見せるVネックデザイン。
シルキーリップ スティック,リップ,イエベ秋,ナチュラル,レッド,デコルテを綺麗に見せるVネックデザイン。
シルキーリップ バーム,リップ,イエベ秋,ウェーブ,ベビーピンク,指先を美しく彩る高発色ネイルポリッシュ。
スリムフィットデニム,ボトムス,ブルベ冬,ストレート,インディゴ,どんなスタイルにも合わせやすい、万能なシューズ。
プリントワンピース,ワンピース,イエベ秋,ナチュラル,レッド,一日中崩れにくい、完璧なベースメイクを叶えます。
コンフォートスニーカー,シューズ,イエベ春,ナチュラル,ホワイト,長時間よれにくいウォータープルーフ処方です。
プリントワンピース,ワンピース,ブルベ夏,ウェーブ,プラム,高機能で肌に優しい処方です。
クルーネックニット Tシャツ,トップス,ブルベ夏,ストレート,チャコールグレー,休日のカジュアルスタイルにもぴったりの一着。
モイスチャーファンデ,ベースメイク,ブルベ夏,ナチュラル,ベージュ,繊細なラメが光を反射し、華やかさをプラスします。
ミニマルフープピアス,アクセサリー,イエベ秋,ナチュラル,ゴールド,洗練されたデザインでビジネスシーンにも活躍します。
モイスチャーファンデ,ベースメイク,イエベ秋,ウェーブ,ベージュ,ファッションのアクセントになる、目を引くアイテム。
トレンチコート,アウター,イエベ春,ストレート,ネイビーブルー,重ね塗りで印象が自由自在に変わります。
ストレートパンツ,ボトムス,ブルベ夏,ナチュラル,ネイビーブルー,どんなスタイルにも合わせやすい、万能なシューズ。
ベーシックシャツ シャツ,トップス,ブルベ冬,ナチュラル,カーキ,休日のカジュアルスタイルにもぴったりの一着。
ナチュラルチーク,チーク,イエベ秋,ストレート,ブラウン,長時間よれにくいウォータープルーフ処方です。
ミニマルフープピアス,アクセサリー,ブルベ冬,ナチュラル,ゴールド,カジュアルながらも着回し力抜群のアイテム。
ミニマルフープピアス,アクセサリー,イエベ秋,ウェーブ,ゴールド,重ね塗りで印象が自由自在に変わります。
シンプルスカート,ボトムス,ブルベ冬,ストレート,ブラック,快適な履き心地で長時間の移動にもおすすめです。
モイスチャーファンデ,ベースメイク,イエベ秋,ストレート,アイボリー,洗練されたデザインでビジネスシーンにも活躍します。
ベーシックシャツ ブラウス,トップス,ブルベ冬,ウェーブ,カーキ,脚長効果抜群のスリムフィットパンツ。
スリムフィットデニム,ボトムス,ブルベ夏,ナチュラル,ライトブルー,透明感のある発色で、自然な仕上がりに。
クルーネックニット ブラウス,トップス,ブルベ夏,ストレート,バーガンディ,上品なシルエットで、どんなスタイルにもマッチします。
シャイニーアイシャドウ リキッド,アイシャドウ,ブルベ冬,ウェーブ,アプリコット,指先を美しく彩る高発色ネイルポリッシュ。
トレンチコート,アウター,ブルベ冬,ウェーブ,カーキ,上品なシルエットで、どんなスタイルにもマッチします。
ナチュラルチーク,チーク,ブルベ冬,ストレート,ブラウン,長時間よれにくいウォータープルーフ処方です。
プリントワンピース,ワンピース,ブルベ冬,ウェーブ,スカイブルー,日常使いに最適な、肌馴染みの良いアイテムです。
ドロップショルダーT ブラウス,トップス,ブルベ冬,ウェーブ,ホワイト,トレンドを取り入れたシルエットで今っぽさを演出。
クルーネックニット セーター,トップス,イエベ秋,ストレート,ブラウン,顔周りを華やかに彩る、アクセントになる一品。
ナチュラルチーク,チーク,イエベ春,ストレート,コーラル,長時間よれにくいウォータープルーフ処方です。
トレンチコート,アウター,イエベ春,ナチュラル,ネイビーブルー,すっきりとしたシルエットでスタイルアップ効果も。
シンプルスカート,ボトムス,ブルベ冬,ストレート,ブラック,大容量で普段使いに最適なバッグ。
トレンチコート,アウター,ブルベ冬,ナチュラル,ネイビーブルー,上質な素材で肌触りも良く、着心地抜群です。
シャイニーアイシャドウ パレット,アイシャドウ,イエベ秋,ナチュラル,ウォームベージュ,小顔効果が期待できる、こだわりのデザイン。
モイスチャーファンデ,ベースメイク,イエベ秋,ナチュラル,オークル,高機能で肌に優しい処方です。
グロッシーネイルポリッシュ,ネイル,イエベ秋,ウェーブ,ベビーピンク,日常使いに最適な、上質な素材を使用しています。
トレンチコート,アウター,イエベ秋,ウェーブ,ベージュ,なめらかなテクスチャーで肌にすっと伸びます。
グロッシーネイルポリッシュ,ネイル,ブルベ夏,ナチュラル,ベビーピンク,長時間よれにくいウォータープルーフ処方です。
スリムフィットデニム,ボトムス,イエベ春,ナチュラル,インディゴ,上質な素材で肌触りも良く、着心地抜群です。
シャイニーアイシャドウ リキッド,アイシャドウ,イエベ秋,ストレート,ラベンダー,休日のカジュアルスタイルにもぴったりの一着。
シンプルスカート,ボトムス,ブルベ夏,ストレート,ダスティローズ,なめらかなテクスチャーで肌にすっと伸びます。
ナチュラルチーク,チーク,イエベ秋,ナチュラル,ローズ,脚長効果抜群のスリムフィットパンツ。
トレンチコート,アウター,ブルベ夏,ストレート,カーキ,大容量で普段使いに最適なバッグ。
ベーシックシャツ シャツ,トップス,イエベ秋,ナチュラル,ホワイト,脚長効果抜群のスリムフィットパンツ。
クルーネックニット Tシャツ,トップス,ブルベ冬,ナチュラル,ラベンダー,デコルテを綺麗に見せるVネックデザイン。
コンフォートスニーカー,シューズ,ブルベ冬,ウェーブ,ネイビーブルー,ファッションのアクセントになる、目を引くアイテム。
コンフォートスニーカー,シューズ,ブルベ冬,ストレート,ホワイト,自然なツヤ感で立体感を演出するメイクアイテム。
スリムフィットデニム,ボトムス,イエベ秋,ウェーブ,インディゴ,大容量で普段使いに最適なバッグ。
グロッシーネイルポリッシュ,ネイル,イエベ春,ナチュラル,レッド,上質な素材で肌触りも良く、着心地抜群です。
プリントワンピース,ワンピース,イエベ秋,ストレート,イエローゴールド,小顔効果が期待できる、こだわりのデザイン。
シャイニーアイシャドウ パレット,アイシャドウ,イエベ春,ウェーブ,ブラウン,上品なシルエットで、どんなスタイルにもマッチします。
クルーネックニット セーター,トップス,ブルベ冬,ウェーブ,ブラウン,上品なシルエットで、どんなスタイルにもマッチします。
モイスチャーファンデ,ベースメイク,イエベ春,ナチュラル,ベージュ,乾燥しにくく、しっとりとした潤いが続きます。
ベーシックシャツ セーター,トップス,ブルベ冬,ナチュラル,カーキ,洗練されたデザインでビジネスシーンにも活躍します。
トレンチコート,アウター,イエベ秋,ウェーブ,ネイビーブルー,自然なツヤ感で立体感を演出するメイクアイテム。
プリントワンピース,ワンピース,ブルベ冬,ウェーブ,イエローゴールド,指先を美しく彩る高発色ネイルポリッシュ。
シルキーリップ グロス,リップ,ブルベ冬,ストレート,ソフトピーチ,季節の変わり目に重宝する、着回し力の高いアイテム。
ナチュラルチーク,チーク,ブルベ冬,ナチュラル,フューシャ,トレンドを取り入れたシルエットで今っぽさを演出。
シャイニーアイシャドウ シングル,アイシャドウ,イエベ秋,ウェーブ,ミントグリーン,重ね塗りで印象が自由自在に変わります。
モイスチャーファンデ,ベースメイク,ブルベ冬,ウェーブ,アイボリー,繊細なラメが光を反射し、華やかさをプラスします。
クルーネックニット セーター,トップス,イエベ春,ウェーブ,ラベンダー,上品なシルエットで、どんなスタイルにもマッチします。
スリムフィットデニム,ボトムス,イエベ春,ウェーブ,ブラック,顔周りを華やかに彩る、アクセントになる一品。
シルキーリップ バーム,リップ,イエベ春,ナチュラル,ソフトピーチ,トレンドを取り入れたシルエットで今っぽさを演出。
ナチュラルチーク,チーク,イエベ春,ナチュラル,コーラル,カジュアルながらも着回し力抜群のアイテム。
ドロップショルダーT セーター,トップス,イエベ秋,ストレート,ブラック,季節の変わり目に重宝する、着回し力の高いアイテム。
ドロップショルダーT セーター,トップス,イエベ春,ウェーブ,オレンジ,脚長効果抜群のスリムフィットパンツ。
スリムフィットデニム,ボトムス,イエベ春,ウェーブ,ライトブルー,血色感をプラスし、健康的な印象を演出します。
シンプルスカート,ボトムス,ブルベ夏,ウェーブ,アイボリー,なめらかなテクスチャーで肌にすっと伸びます。
ミニマルフープピアス,アクセサリー,ブルベ冬,ナチュラル,ゴールド,長時間よれにくいウォータープルーフ処方です。
レザートート,バッグ,ブルベ冬,ナチュラル,ワインレッド,洗練されたデザインでビジネスシーンにも活躍します。
スリムフィットデニム,ボトムス,ブルベ冬,ストレート,ブラック,上品なシルエットで、どんなスタイルにもマッチします。
レザートート,バッグ,イエベ秋,ナチュラル,ブラック,高機能で肌に優しい処方です。
シンプルスカート,ボトムス,イエベ秋,ナチュラル,ブラック,季節の変わり目に重宝する、着回し力の高いアイテム。
ミニマルフープピアス,アクセサリー,ブルベ夏,ストレート,ゴールド,トレンドを取り入れたシルエットで今っぽさを演出。
シャイニーアイシャドウ パレット,アイシャドウ,イエベ春,ナチュラル,ブラウン,快適な履き心地で長時間の移動にもおすすめです。
プリントワンピース,ワンピース,ブルベ夏,ナチュラル,スカイブルー,血色感をプラスし、健康的な印象を演出します。
レザートート,バッグ,ブルベ夏,ウェーブ,ブラウン,快適なフィット感で歩きやすく、疲れにくいです。
ミニマルフープピアス,アクセサリー,イエベ春,ナチュラル,シルバー,快適な履き心地で長時間の移動にもおすすめです。
コンフォートスニーカー,シューズ,イエベ春,ナチュラル,ホワイト,どんなスタイルにも合わせやすい、万能なシューズ。
レザートート,バッグ,ブルベ冬,ストレート,ブラウン,上質な素材で肌触りも良く、着心地抜群です。
シンプルスカート,ボトムス,ブルベ夏,ストレート,ダスティローズ,重ね塗りで印象が自由自在に変わります。
コンフォートスニーカー,シューズ,イエベ春,ウェーブ,ホワイト,自然なツヤ感で立体感を演出するメイクアイテム。
プリントワンピース,ワンピース,ブルベ夏,ストレート,スカイブルー,透明感のある発色で、自然な仕上がりに。
ミニマルフープピアス,アクセサリー,ブルベ冬,ウェーブ,シルバー,日常使いに最適な、肌馴染みの良いアイテムです。
プリントワンピース,ワンピース,ブルベ夏,ウェーブ,プラム,日常使いに最適な、肌馴染みの良いアイテムです。
グロッシーネイルポリッシュ,ネイル,ブルベ夏,ストレート,ベージュ,指先を美しく彩る高発色ネイルポリッシュ。
モイスチャーファンデ,ベースメイク,ブルベ冬,ナチュラル,ベージュ,脚長効果抜群のスリムフィットパンツ。
ベーシックシャツ ブラウス,トップス,ブルベ冬,ナチュラル,カーキ,繊細なラメが光を反射し、華やかさをプラスします。
トレンチコート,アウター,ブルベ夏,ウェーブ,カーキ,洗練されたデザインでビジネスシーンにも活躍します。
スリムフィットデニム,ボトムス,ブルベ夏,ストレート,ライトブルー,大容量で普段使いに最適なバッグ。
コンフォートスニーカー,シューズ,イエベ春,ストレート,グレー,繊細なラメが光を反射し、華やかさをプラスします。
モイスチャーファンデ,ベースメイク,ブルベ冬,ウェーブ,オークル,なめらかなテクスチャーで肌にすっと伸びます。
プリントワンピース,ワンピース,ブルベ冬,ストレート,イエローゴールド,自然なツヤ感で立体感を演出するメイクアイテム。
コンフォートスニーカー,シューズ,イエベ春,ストレート,グレー,日常使いに最適な、上質な素材を使用しています。
ナチュラルチーク,チーク,ブルベ冬,ウェーブ,ピーチ,顔周りを華やかに彩る、アクセントになる一品。
ミニマルフープピアス,アクセサリー,イエベ秋,ストレート,シルバー,オフィスにも着ていける上品なデザインが魅力です。
ストレートパンツ,ボトムス,イエベ秋,ウェーブ,ネイビーブルー,洗練されたデザインでビジネスシーンにも活躍します。
レザートート,バッグ,ブルベ冬,ナチュラル,ブラウン,長時間よれにくいウォータープルーフ処方です。
スリムフィットデニム,ボトムス,イエベ秋,ウェーブ,ライトブルー,快適な履き心地で長時間の移動にもおすすめです。
ストレートパンツ,ボトムス,イエベ春,ストレート,ネイビーブルー,大容量で普段使いに最適なバッグ。
トレンチコート,アウター,ブルベ夏,ストレート,ベージュ,足元をエレガントに演出するデザインです。
プリントワンピース,ワンピース,ブルベ夏,ストレート,レッド,上質な素材で肌触りも良く、着心地抜群です。
ミニマルフープピアス,アクセサリー,イエベ秋,ナチュラル,ゴールド,自然なツヤ感で立体感を演出するメイクアイテム。
ミニマルフープピアス,アクセサリー,イエベ秋,ストレート,ゴールド,大容量で普段使いに最適なバッグ。
シンプルスカート,ボトムス,ブルベ夏,ナチュラル,ブラック,快適な履き心地で長時間の移動にもおすすめです。
ベーシックシャツ セーター,トップス,ブルベ冬,ストレート,ネイビーブルー,一枚でサマになる、エレガントなワンピース。
プリントワンピース,ワンピース,ブルベ夏,ウェーブ,レッド,快適なフィット感で歩きやすく、疲れにくいです。
スリムフィットデニム,ボトムス,イエベ秋,ナチュラル,ライトブルー,快適なフィット感で歩きやすく、疲れにくいです。
グロッシーネイルポリッシュ,ネイル,イエベ春,ストレート,ベージュ,日常使いに最適な、肌馴染みの良いアイテムです。
レザートート,バッグ,イエベ春,ナチュラル,ブラック,指先を美しく彩る高発色ネイルポリッシュ。
ストレートパンツ,ボトムス,ブルベ冬,ストレート,ベージュ,透明感のある発色で、自然な仕上がりに。
ベーシックシャツ シャツ,トップス,イエベ春,ウェーブ,ホワイト,洗練されたデザインでビジネスシーンにも活躍します。
トレンチコート,アウター,ブルベ夏,ナチュラル,ベージュ,重ね塗りで印象が自由自在に変わります。
スリムフィットデニム,ボトムス,ブルベ冬,ウェーブ,ライトブルー,どんなスタイルにも合わせやすい、万能なシューズ。
レザートート,バッグ,イエベ春,ウェーブ,ブラウン,繊細なラメが光を反射し、華やかさをプラスします。
ミニマルフープピアス,アクセサリー,ブルベ冬,ストレート,ゴールド,ファッションのアクセントになる、目を引くアイテム。
グロッシーネイルポリッシュ,ネイル,イエベ春,ストレート,レッド,重ね塗りで印象が自由自在に変わります。
ミニマルフープピアス,アクセサリー,イエベ秋,ウェーブ,シルバー,小顔効果が期待できる、こだわりのデザイン。
シンプルスカート,ボトムス,イエベ秋,ウェーブ,アイボリー,一枚でサマになる、エレガントなワンピース。
トレンチコート,アウター,イエベ秋,ウェーブ,ベージュ,繊細なラメが光を反射し、華やかさをプラスします。
コンフォートスニーカー,シューズ,イエベ秋,ナチュラル,グレー,定番のアイテムで、どんなボトムスにも合わせやすいです。
モイスチャーファンデ,ベースメイク,イエベ春,ウェーブ,オークル,リラックス感がありながらも、こなれた印象に仕上げます。
レザートート,バッグ,ブルベ冬,ウェーブ,ベージュ,季節の変わり目に重宝する、着回し力の高いアイテム。
コンフォートスニーカー,シューズ,ブルベ冬,ナチュラル,ネイビーブルー,足元をエレガントに演出するデザインです。
コンフォートスニーカー,シューズ,ブルベ夏,ナチュラル,ホワイト,デコルテを綺麗に見せるVネックデザイン。
グロッシーネイルポリッシュ,ネイル,ブルベ冬,ストレート,ネイビーブルー,カジュアルながらも着回し力抜群のアイテム。
ドロップショルダーT Tシャツ,トップス,ブルベ冬,ストレート,アースカラー,繊細なラメが光を反射し、華やかさをプラスします。
モイスチャーファンデ,ベースメイク,イエベ秋,ナチュラル,ベージュ,どんなスタイルにも合わせやすい、万能なシューズ。
ベーシックシャツ Tシャツ,トップス,イエベ秋,ナチュラル,カーキ,重ね塗りで印象が自由自在に変わります。
グロッシーネイルポリッシュ,ネイル,ブルベ夏,ストレート,ネイビーブルー,上質な素材で肌触りも良く、着心地抜群です。
クルーネックニット セーター,トップス,イエベ春,ストレート,ブラウン,快適な履き心地で長時間の移動にもおすすめです。
ミニマルフープピアス,アクセサリー,イエベ春,ストレート,シルバー,すっきりとしたシルエットでスタイルアップ効果も。
ナチュラルチーク,チーク,イエベ秋,ストレート,フューシャ,休日のカジュアルスタイルにもぴったりの一着。
モイスチャーファンデ,ベースメイク,イエベ秋,ストレート,オークル,繊細なラメが光を反射し、華やかさをプラスします。
コンフォートスニーカー,シューズ,ブルベ冬,ナチュラル,ホワイト,すっきりとしたシルエットでスタイルアップ効果も。
モイスチャーファンデ,ベースメイク,イエベ春,ストレート,ベージュ,血色感をプラスし、健康的な印象を演出します。
ナチュラルチーク,チーク,ブルベ冬,ストレート,ブラウン,休日のカジュアルスタイルにもぴったりの一着。
ベーシックシャツ シャツ,トップス,ブルベ冬,ナチュラル,ホワイト,大容量で普段使いに最適なバッグ。
シンプルスカート,ボトムス,ブルベ冬,ウェーブ,ブラック,透明感のある発色で、自然な仕上がりに。
クルーネックニット Tシャツ,トップス,イエベ春,ナチュラル,バーガンディ,大容量で普段使いに最適なバッグ。
シャイニーアイシャドウ リキッド,アイシャドウ,イエベ春,ストレート,アプリコット,カジュアルながらも着回し力抜群のアイテム。
ナチュラルチーク,チーク,イエベ秋,ストレート,ピーチ,快適なフィット感で歩きやすく、疲れにくいです。
モイスチャーファンデ,ベースメイク,ブルベ夏,ウェーブ,アイボリー,トレンドを取り入れたシルエットで今っぽさを演出。
コンフォートスニーカー,シューズ,ブルベ冬,ウェーブ,ホワイト,足元をエレガントに演出するデザインです。
ベーシックシャツ Tシャツ,トップス,イエベ春,ストレート,スカイブルー,日常使いに最適な、肌馴染みの良いアイテムです。
モイスチャーファンデ,ベースメイク,イエベ秋,ウェーブ,アイボリー,ファッションのアクセントになる、目を引くアイテム。
クルーネックニット Tシャツ,トップス,イエベ秋,ウェーブ,ブラウン,快適なフィット感で歩きやすく、疲れにくいです。
シルキーリップ ティント,リップ,イエベ春,ストレート,ワインレッド,トレンドを取り入れたシルエットで今っぽさを演出。
スリムフィットデニム,ボトムス,ブルベ夏,ナチュラル,ブラック,快適なフィット感で歩きやすく、疲れにくいです。
グロッシーネイルポリッシュ,ネイル,イエベ春,ウェーブ,ホワイト,トレンドを取り入れたシルエットで今っぽさを演出。
シャイニーアイシャドウ シングル,アイシャドウ,イエベ春,ナチュラル,クールグレー,日常使いに最適な、肌馴染みの良いアイテムです。
モイスチャーファンデ,ベースメイク,イエベ春,ナチュラル,ベージュ,日常使いに最適な、肌馴染みの良いアイテムです。
ナチュラルチーク,チーク,イエベ秋,ストレート,ベージュ,ファッションのアクセントになる、目を引くアイテム。
シルキーリップ グロス,リップ,ブルベ冬,ナチュラル,ライトコーラル,長時間よれにくいウォータープルーフ処方です。
ナチュラルチーク,チーク,ブルベ夏,ナチュラル,ベージュ,透明感のある発色で、自然な仕上がりに。
ナチュラルチーク,チーク,イエベ秋,ナチュラル,ベージュ,長時間よれにくいウォータープルーフ処方です。
プリントワンピース,ワンピース,イエベ春,ウェーブ,レッド,なめらかなテクスチャーで肌にすっと伸びます。
ドロップショルダーT シャツ,トップス,ブルベ夏,ナチュラル,ブラック,オフィスにも着ていける上品なデザインが魅力です。
レザートート,バッグ,イエベ秋,ウェーブ,ブラウン,上質な素材で肌触りも良く、着心地抜群です。
シャイニーアイシャドウ シングル,アイシャドウ,ブルベ夏,ナチュラル,ブラウン,デコルテを綺麗に見せるVネックデザイン。
スリムフィットデニム,ボトムス,イエベ秋,ストレート,ライトブルー,カジュアルながらも着回し力抜群のアイテム。
シンプルスカート,ボトムス,イエベ秋,ウェーブ,ブラック,カジュアルながらも着回し力抜群のアイテム。
シンプルスカート,ボトムス,ブルベ冬,ストレート,ライトブルー,オフィスにも着ていける上品なデザインが魅力です。
レザートート,バッグ,イエベ春,ナチュラル,ワインレッド,快適な履き心地で長時間の移動にもおすすめです。
スリムフィットデニム,ボトムス,ブルベ夏,ウェーブ,インディゴ,定番のアイテムで、どんなボトムスにも合わせやすいです。
グロッシーネイルポリッシュ,ネイル,イエベ秋,ウェーブ,ベージュ,血色感をプラスし、健康的な印象を演出します。
ベーシックシャツ シャツ,トップス,ブルベ夏,ナチュラル,カーキ,乾燥しにくく、しっとりとした潤いが続きます。
ベーシックシャツ ブラウス,トップス,ブルベ夏,ウェーブ,ネイビーブルー,トレンドを取り入れたシルエットで今っぽさを演出。
モイスチャーファンデ,ベースメイク,ブルベ冬,ナチュラル,オークル,顔周りを華やかに彩る、アクセントになる一品。
ミニマルフープピアス,アクセサリー,イエベ春,ナチュラル,ゴールド,透明感のある発色で、自然な仕上がりに。
レザートート,バッグ,ブルベ夏,ストレート,ワインレッド,日常使いに最適な、肌馴染みの良いアイテムです。
クルーネックニット シャツ,トップス,イエベ秋,ウェーブ,チャコールグレー,一枚でサマになる、エレガントなワンピース。
モイスチャーファンデ,ベースメイク,イエベ秋,ナチュラル,ベージュ,乾燥しにくく、しっとりとした潤いが続きます。
プリントワンピース,ワンピース,イエベ秋,ナチュラル,スカイブルー,指先を美しく彩る高発色ネイルポリッシュ。
コンフォートスニーカー,シューズ,イエベ春,ナチュラル,ブラック,どんなスタイルにも合わせやすい、万能なシューズ。
クルーネックニット シャツ,トップス,ブルベ夏,ナチュラル,バーガンディ,洗練されたデザインでビジネスシーンにも活躍します。
ストレートパンツ,ボトムス,イエベ秋,ウェーブ,ネイビーブルー,女性らしい柔らかな印象を与えるデザインが魅力です。
モイスチャーファンデ,ベースメイク,イエベ秋,ウェーブ,オークル,脚長効果抜群のスリムフィットパンツ。
クルーネックニット セーター,トップス,イエベ秋,ナチュラル,ラベンダー,上品なシルエットで、どんなスタイルにもマッチします。
ベーシックシャツ シャツ,トップス,イエベ秋,ストレート,スカイブルー,女性らしい柔らかな印象を与えるデザインが魅力です。
ストレートパンツ,ボトムス,ブルベ冬,ナチュラル,ブラック,休日のカジュアルスタイルにもぴったりの一着。
レザートート,バッグ,イエベ春,ストレート,ワインレッド,足元をエレガントに演出するデザインです。
ナチュラルチーク,チーク,ブルベ冬,ウェーブ,フューシャ,一日中崩れにくい、完璧なベースメイクを叶えます。
モイスチャーファンデ,ベースメイク,イエベ春,ウェーブ,アイボリー,小顔効果が期待できる、こだわりのデザイン。
シンプルスカート,ボトムス,ブルベ夏,ウェーブ,アイボリー,女性らしい柔らかな印象を与えるデザインが魅力です。
シャイニーアイシャドウ パレット,アイシャドウ,イエベ春,ストレート,クールグレー,定番のアイテムで、どんなボトムスにも合わせやすいです。
ストレートパンツ,ボトムス,イエベ秋,ストレート,ブラック,上品なシルエットで、どんなスタイルにもマッチします。
モイスチャーファンデ,ベースメイク,ブルベ冬,ナチュラル,オークル,女性らしい柔らかな印象を与えるデザインが魅力です。
ミニマルフープピアス,アクセサリー,イエベ秋,ナチュラル,ゴールド,デコルテを綺麗に見せるVネックデザイン。
シャイニーアイシャドウ リキッド,アイシャドウ,イエベ春,ストレート,イエローゴールド,カジュアルながらも着回し力抜群のアイテム。
コンフォートスニーカー,シューズ,イエベ春,ストレート,ブラック,大容量で普段使いに最適なバッグ。
ミニマルフープピアス,アクセサリー,イエベ秋,ナチュラル,ゴールド,上品なシルエットで、どんなスタイルにもマッチします。
シンプルスカート,ボトムス,ブルベ冬,ストレート,アイボリー,小顔効果が期待できる、こだわりのデザイン。
グロッシーネイルポリッシュ,ネイル,イエベ秋,ストレート,ベビーピンク,快適なフィット感で歩きやすく、疲れにくいです。
トレンチコート,アウター,イエベ春,ストレート,カーキ,快適な履き心地で長時間の移動にもおすすめです。
クルーネックニット シャツ,トップス,ブルベ夏,ウェーブ,バーガンディ,血色感をプラスし、健康的な印象を演出します。
モイスチャーファンデ,ベースメイク,イエベ秋,ウェーブ,ベージュ,休日のカジュアルスタイルにもぴったりの一着。
ストレートパンツ,ボトムス,イエベ秋,ウェーブ,ネイビーブルー,リラックス感がありながらも、こなれた印象に仕上げます。
シャイニーアイシャドウ パレット,アイシャドウ,ブルベ夏,ナチュラル,クールグレー,すっきりとしたシルエットでスタイルアップ効果も。
プリントワンピース,ワンピース,イエベ春,ストレート,レッド,一枚でサマになる、エレガントなワンピース。
ストレートパンツ,ボトムス,ブルベ冬,ストレート,ベージュ,日常使いに最適な、肌馴染みの良いアイテムです。
ベーシックシャツ セーター,トップス,ブルベ冬,ストレート,スカイブルー,すっきりとしたシルエットでスタイルアップ効果も。
シャイニーアイシャドウ パレット,アイシャドウ,イエベ春,ウェーブ,ラベンダー,一日中崩れにくい、完璧なベースメイクを叶えます。
ドロップショルダーT セーター,トップス,ブルベ冬,ナチュラル,ブラック,重ね塗りで印象が自由自在に変わります。
コンフォートスニーカー,シューズ,ブルベ夏,ストレート,ブラック,デコルテを綺麗に見せるVネックデザイン。
ベーシックシャツ Tシャツ,トップス,イエベ春,ウェーブ,ネイビーブルー,脚長効果抜群のスリムフィットパンツ。
プリントワンピース,ワンピース,イエベ秋,ウェーブ,プラム,快適なフィット感で歩きやすく、疲れにくいです。
レザートート,バッグ,ブルベ夏,ストレート,ワインレッド,大容量で普段使いに最適なバッグ。
コンフォートスニーカー,シューズ,ブルベ冬,ウェーブ,ネイビーブルー,大容量で普段使いに最適なバッグ。
ミニマルフープピアス,アクセサリー,ブルベ夏,ナチュラル,ゴールド,自然なツヤ感で立体感を演出するメイクアイテム。
シャイニーアイシャドウ シングル,アイシャドウ,イエベ春,ナチュラル,アプリコット,ファッションのアクセントになる、目を引くアイテム。
クルーネックニット Tシャツ,トップス,ブルベ冬,ストレート,バーガンディ,デコルテを綺麗に見せるVネックデザイン。
グロッシーネイルポリッシュ,ネイル,ブルベ夏,ナチュラル,グレー,自然なツヤ感で立体感を演出するメイクアイテム。
レザートート,バッグ,ブルベ冬,ナチュラル,ブラウン,なめらかなテクスチャーで肌にすっと伸びます。
クルーネックニット セーター,トップス,イエベ秋,ウェーブ,クリームホワイト,脚長効果抜群のスリムフィットパンツ。
コンフォートスニーカー,シューズ,ブルベ冬,ウェーブ,ネイビーブルー,繊細なラメが光を反射し、華やかさをプラスします。
トレンチコート,アウター,ブルベ冬,ナチュラル,ネイビーブルー,すっきりとしたシルエットでスタイルアップ効果も。
ナチュラルチーク,チーク,ブルベ冬,ストレート,コーラル,すっきりとしたシルエットでスタイルアップ効果も。
クルーネックニット シャツ,トップス,イエベ春,ナチュラル,ラベンダー,高機能で肌に優しい処方です。
プリントワンピース,ワンピース,ブルベ冬,ストレート,プラム,すっきりとしたシルエットでスタイルアップ効果も。
シャイニーアイシャドウ リキッド,アイシャドウ,イエベ秋,ナチュラル,ミントグリーン,脚長効果抜群のスリムフィットパンツ。
ストレートパンツ,ボトムス,イエベ春,ウェーブ,ベージュ,一日中崩れにくい、完璧なベースメイクを叶えます。
モイスチャーファンデ,ベースメイク,ブルベ夏,ナチュラル,ベージュ,指先を美しく彩る高発色ネイルポリッシュ。
レザートート,バッグ,イエベ春,ストレート,ワインレッド,高機能で肌に優しい処方です。
コンフォートスニーカー,シューズ,ブルベ冬,ウェーブ,グレー,快適なフィット感で歩きやすく、疲れにくいです。
ナチュラルチーク,チーク,ブルベ夏,ナチュラル,コーラル,上質な素材で肌触りも良く、着心地抜群です。
トレンチコート,アウター,イエベ秋,ストレート,カーキ,指先を美しく彩る高発色ネイルポリッシュ。
シルキーリップ ティント,リップ,イエベ春,ウェーブ,ソフトピーチ,洗練されたデザインでビジネスシーンにも活躍します。
ストレートパンツ,ボトムス,イエベ秋,ウェーブ,ブラック,脚長効果抜群のスリムフィットパンツ。
シンプルスカート,ボトムス,ブルベ冬,ストレート,ブラック,トレンドを取り入れたシルエットで今っぽさを演出。
プリントワンピース,ワンピース,イエベ秋,ストレート,スカイブルー,自然なツヤ感で立体感を演出するメイクアイテム。
プリントワンピース,ワンピース,イエベ春,ストレート,プラム,脚長効果抜群のスリムフィットパンツ。
ストレートパンツ,ボトムス,イエベ秋,ナチュラル,ネイビーブルー,自然なツヤ感で立体感を演出するメイクアイテム。
ドロップショルダーT シャツ,トップス,ブルベ冬,ストレート,ミントグリーン,どんなスタイルにも合わせやすい、万能なシューズ。
クルーネックニット シャツ,トップス,イエベ秋,ストレート,ブラウン,血色感をプラスし、健康的な印象を演出します。
ベーシックシャツ Tシャツ,トップス,ブルベ冬,ナチュラル,ネイビーブルー,一枚でサマになる、エレガントなワンピース。
ナチュラルチーク,チーク,ブルベ夏,ウェーブ,ベージュ,カジュアルながらも着回し力抜群のアイテム。
グロッシーネイルポリッシュ,ネイル,ブルベ冬,ナチュラル,ホワイト,日常使いに最適な、肌馴染みの良いアイテムです。
シンプルスカート,ボトムス,イエベ秋,ストレート,アイボリー,小顔効果が期待できる、こだわりのデザイン。
プリントワンピース,ワンピース,ブルベ夏,ウェーブ,スカイブルー,血色感をプラスし、健康的な印象を演出します。
ナチュラルチーク,チーク,イエベ秋,ストレート,ブラウン,透明感のある発色で、自然な仕上がりに。
シルキーリップ スティック,リップ,イエベ秋,ウェーブ,レッド,なめらかなテクスチャーで肌にすっと伸びます。
シャイニーアイシャドウ シングル,アイシャドウ,ブルベ冬,ストレート,ウォームベージュ,脚長効果抜群のスリムフィットパンツ。
グロッシーネイルポリッシュ,ネイル,ブルベ夏,ストレート,ベージュ,顔周りを華やかに彩る、アクセントになる一品。
スリムフィットデニム,ボトムス,イエベ秋,ナチュラル,インディゴ,脚長効果抜群のスリムフィットパンツ。
コンフォートスニーカー,シューズ,イエベ春,ストレート,ネイビーブルー,快適なフィット感で歩きやすく、疲れにくいです。
レザートート,バッグ,ブルベ冬,ストレート,ブラウン,指先を美しく彩る高発色ネイルポリッシュ。
ナチュラルチーク,チーク,イエベ秋,ウェーブ,ベージュ,脚長効果抜群のスリムフィットパンツ。
モイスチャーファンデ,ベースメイク,イエベ秋,ストレート,ベージュ,足元をエレガントに演出するデザインです。
ストレートパンツ,ボトムス,ブルベ冬,ストレート,ブラック,一日中崩れにくい、完璧なベースメイクを叶えます。
モイスチャーファンデ,ベースメイク,ブルベ冬,ナチュラル,オークル,長時間よれにくいウォータープルーフ処方です。
モイスチャーファンデ,ベースメイク,イエベ春,ストレート,アイボリー,高機能で肌に優しい処方です。
プリントワンピース,ワンピース,ブルベ冬,ウェーブ,イエローゴールド,洗練されたデザインでビジネスシーンにも活躍します。
ナチュラルチーク,チーク,イエベ春,ナチュラル,ベージュ,大容量で普段使いに最適なバッグ。
シャイニーアイシャドウ パレット,アイシャドウ,イエベ秋,ストレート,ブラウン,自然なツヤ感で立体感を演出するメイクアイテム。
ミニマルフープピアス,アクセサリー,イエベ春,ストレート,シルバー,日常使いに最適な、肌馴染みの良いアイテムです。
ナチュラルチーク,チーク,ブルベ冬,ウェーブ,ピーチ,女性らしい柔らかな印象を与えるデザインが魅力です。
コンフォートスニーカー,シューズ,ブルベ夏,ストレート,ネイビーブルー,小顔効果が期待できる、こだわりのデザイン。
トレンチコート,アウター,ブルベ冬,ナチュラル,ベージュ,一日中崩れにくい、完璧なベースメイクを叶えます。
コンフォートスニーカー,シューズ,イエベ秋,ナチュラル,ネイビーブルー,快適なフィット感で歩きやすく、疲れにくいです。
ストレートパンツ,ボトムス,イエベ秋,ストレート,ネイビーブルー,どんなスタイルにも合わせやすい、万能なシューズ。
シンプルスカート,ボトムス,イエベ秋,ナチュラル,アイボリー,重ね塗りで印象が自由自在に変わります。
シルキーリップ グロス,リップ,イエベ秋,ウェーブ,ソフトピーチ,脚長効果抜群のスリムフィットパンツ。
シンプルスカート,ボトムス,イエベ春,ストレート,ダスティローズ,リラックス感がありながらも、こなれた印象に仕上げます。
コンフォートスニーカー,シューズ,ブルベ冬,ナチュラル,ホワイト,日常使いに最適な、上質な素材を使用しています。
シルキーリップ ティント,リップ,イエベ秋,ストレート,レッド,小顔効果が期待できる、こだわりのデザイン。
モイスチャーファンデ,ベースメイク,ブルベ冬,ストレート,オークル,顔周りを華やかに彩る、アクセントになる一品。
シンプルスカート,ボトムス,ブルベ冬,ストレート,アイボリー,日常使いに最適な、上質な素材を使用しています。
ナチュラルチーク,チーク,イエベ秋,ナチュラル,フューシャ,女性らしい柔らかな印象を与えるデザインが魅力です。
シャイニーアイシャドウ リキッド,アイシャドウ,イエベ春,ウェーブ,ミントグリーン,休日のカジュアルスタイルにもぴったりの一着。
シンプルスカート,ボトムス,イエベ秋,ナチュラル,ダスティローズ,長時間よれにくいウォータープルーフ処方です。
グロッシーネイルポリッシュ,ネイル,ブルベ夏,ウェーブ,レッド,上品なシルエットで、どんなスタイルにもマッチします。
ベーシックシャツ シャツ,トップス,ブルベ夏,ウェーブ,ベージュ,すっきりとしたシルエットでスタイルアップ効果も。
ミニマルフープピアス,アクセサリー,イエベ春,ストレート,シルバー,デコルテを綺麗に見せるVネックデザイン。
シャイニーアイシャドウ シングル,アイシャドウ,ブルベ冬,ナチュラル,ミントグリーン,なめらかなテクスチャーで肌にすっと伸びます。
スリムフィットデニム,ボトムス,イエベ春,ナチュラル,インディゴ,高機能で肌に優しい処方です。
ドロップショルダーT ブラウス,トップス,ブルベ冬,ウェーブ,オレンジ,カジュアルながらも着回し力抜群のアイテム。
ミニマルフープピアス,アクセサリー,イエベ春,ウェーブ,ゴールド,ファッションのアクセントになる、目を引くアイテム。
スリムフィットデニム,ボトムス,ブルベ夏,ナチュラル,インディゴ,透明感のある発色で、自然な仕上がりに。
スリムフィットデニム,ボトムス,ブルベ冬,ストレート,ブラック,日常使いに最適な、肌馴染みの良いアイテムです。
プリントワンピース,ワンピース,イエベ秋,ウェーブ,スカイブルー,どんなスタイルにも合わせやすい、万能なシューズ。
クルーネックニット Tシャツ,トップス,イエベ秋,ストレート,ラベンダー,血色感をプラスし、健康的な印象を演出します。
ナチュラルチーク,チーク,イエベ春,ナチュラル,フューシャ,足元をエレガントに演出するデザインです。
ミニマルフープピアス,アクセサリー,イエベ秋,ナチュラル,シルバー,上品なシルエットで、どんなスタイルにもマッチします。
ナチュラルチーク,チーク,イエベ春,ウェーブ,ピーチ,日常使いに最適な、肌馴染みの良いアイテムです。
シンプルスカート,ボトムス,ブルベ冬,ナチュラル,アイボリー,なめらかなテクスチャーで肌にすっと伸びます。
ベーシックシャツ ブラウス,トップス,ブルベ冬,ストレート,ネイビーブルー,なめらかなテクスチャーで肌にすっと伸びます。
レザートート,バッグ,ブルベ夏,ウェーブ,ベージュ,休日のカジュアルスタイルにもぴったりの一着。
モイスチャーファンデ,ベースメイク,ブルベ冬,ウェーブ,アイボリー,洗練されたデザインでビジネスシーンにも活躍します。
ストレートパンツ,ボトムス,ブルベ冬,ウェーブ,ベージュ,なめらかなテクスチャーで肌にすっと伸びます。
シルキーリップ グロス,リップ,ブルベ夏,ウェーブ,ソフトピーチ,指先を美しく彩る高発色ネイルポリッシュ。
シルキーリップ バーム,リップ,ブルベ冬,ナチュラル,ライトコーラル,足元をエレガントに演出するデザインです。
コンフォートスニーカー,シューズ,イエベ秋,ナチュラル,グレー,デコルテを綺麗に見せるVネックデザイン。
グロッシーネイルポリッシュ,ネイル,ブルベ冬,ナチュラル,ベージュ,ファッションのアクセントになる、目を引くアイテム。
シルキーリップ ティント,リップ,イエベ秋,ストレート,レッド,洗練されたデザインでビジネスシーンにも活躍します。
スリムフィットデニム,ボトムス,イエベ秋,ストレート,インディゴ,洗練されたデザインでビジネスシーンにも活躍します。
シルキーリップ グロス,リップ,ブルベ夏,ナチュラル,ワインレッド,なめらかなテクスチャーで肌にすっと伸びます。
コンフォートスニーカー,シューズ,イエベ春,ナチュラル,グレー,小顔効果が期待できる、こだわりのデザイン。
グロッシーネイルポリッシュ,ネイル,イエベ秋,ウェーブ,ネイビーブルー,一枚でサマになる、エレガントなワンピース。
ベーシックシャツ Tシャツ,トップス,ブルベ夏,ナチュラル,カーキ,上質な素材で肌触りも良く、着心地抜群です。
ストレートパンツ,ボトムス,ブルベ冬,ウェーブ,ネイビーブルー,日常使いに最適な、肌馴染みの良いアイテムです。
コンフォートスニーカー,シューズ,ブルベ夏,ストレート,ブラック,小顔効果が期待できる、こだわりのデザイン。
トレンチコート,アウター,ブルベ夏,ナチュラル,ベージュ,足元をエレガントに演出するデザインです。
ストレートパンツ,ボトムス,ブルベ夏,ウェーブ,ブラック,乾燥しにくく、しっとりとした潤いが続きます。
シルキーリップ ティント,リップ,ブルベ夏,ストレート,ライトコーラル,一枚でサマになる、エレガントなワンピース。
シルキーリップ バーム,リップ,ブルベ冬,ナチュラル,ベビーピンク,デコルテを綺麗に見せるVネックデザイン。
シルキーリップ ティント,リップ,ブルベ冬,ウェーブ,ライトコーラル,洗練されたデザインでビジネスシーンにも活躍します。
ミニマルフープピアス,アクセサリー,ブルベ夏,ストレート,シルバー,日常使いに最適な、肌馴染みの良いアイテムです。
ミニマルフープピアス,アクセサリー,ブルベ冬,ウェーブ,シルバー,どんなスタイルにも合わせやすい、万能なシューズ。
モイスチャーファンデ,ベースメイク,ブルベ夏,ナチュラル,ベージュ,指先を美しく彩る高発色ネイルポリッシュ。
グロッシーネイルポリッシュ,ネイル,ブルベ夏,ウェーブ,グレー,日常使いに最適な、肌馴染みの良いアイテムです。
グロッシーネイルポリッシュ,ネイル,イエベ秋,ストレート,ネイビーブルー,なめらかなテクスチャーで肌にすっと伸びます。
シルキーリップ スティック,リップ,イエベ春,ナチュラル,プラム,上品なシルエットで、どんなスタイルにもマッチします。
グロッシーネイルポリッシュ,ネイル,イエベ秋,ナチュラル,ベージュ,季節の変わり目に重宝する、着回し力の高いアイテム。
トレンチコート,アウター,ブルベ夏,ナチュラル,ベージュ,上品なシルエットで、どんなスタイルにもマッチします。
スリムフィットデニム,ボトムス,イエベ秋,ウェーブ,ライトブルー,快適なフィット感で歩きやすく、疲れにくいです。
ナチュラルチーク,チーク,イエベ春,ナチュラル,ブラウン,透明感のある発色で、自然な仕上がりに。
シルキーリップ スティック,リップ,イエベ秋,ストレート,ソフトピーチ,上質な素材で肌触りも良く、着心地抜群です。
スリムフィットデニム,ボトムス,ブルベ冬,ナチュラル,インディゴ,快適なフィット感で歩きやすく、疲れにくいです。
トレンチコート,アウター,イエベ春,ストレート,ベージュ,日常使いに最適な、肌馴染みの良いアイテムです。
プリントワンピース,ワンピース,イエベ秋,ウェーブ,イエローゴールド,どんなスタイルにも合わせやすい、万能なシューズ。
スリムフィットデニム,ボトムス,ブルベ夏,ウェーブ,ライトブルー,洗練されたデザインでビジネスシーンにも活躍します。
トレンチコート,アウター,ブルベ夏,ナチュラル,ネイビーブルー,乾燥しにくく、しっとりとした潤いが続きます。
クルーネックニット セーター,トップス,ブルベ夏,ナチュラル,ブラウン,快適なフィット感で歩きやすく、疲れにくいです。
シャイニーアイシャドウ パレット,アイシャドウ,イエベ秋,ナチュラル,クールグレー,定番のアイテムで、どんなボトムスにも合わせやすいです。
ミニマルフープピアス,アクセサリー,ブルベ夏,ストレート,ゴールド,トレンドを取り入れたシルエットで今っぽさを演出。
プリントワンピース,ワンピース,イエベ春,ナチュラル,レッド,どんなスタイルにも合わせやすい、万能なシューズ。
スリムフィットデニム,ボトムス,ブルベ冬,ナチュラル,ライトブルー,女性らしい柔らかな印象を与えるデザインが魅力です。
コンフォートスニーカー,シューズ,イエベ春,ナチュラル,ブラック,なめらかなテクスチャーで肌にすっと伸びます。
シンプルスカート,ボトムス,ブルベ夏,ナチュラル,アイボリー,上質な素材で肌触りも良く、着心地抜群です。
クルーネックニット ブラウス,トップス,ブルベ冬,ウェーブ,ラベンダー,自然なツヤ感で立体感を演出するメイクアイテム。
ストレートパンツ,ボトムス,イエベ春,ストレート,グレー,上質な素材で肌触りも良く、着心地抜群です。
ナチュラルチーク,チーク,ブルベ冬,ストレート,フューシャ,日常使いに最適な、上質な素材を使用しています。
トレンチコート,アウター,ブルベ夏,ウェーブ,ベージュ,ファッションのアクセントになる、目を引くアイテム。
ストレートパンツ,ボトムス,ブルベ夏,ストレート,ベージュ,指先を美しく彩る高発色ネイルポリッシュ。
ナチュラルチーク,チーク,イエベ春,ウェーブ,ベージュ,デコルテを綺麗に見せるVネックデザイン。
ベーシックシャツ セーター,トップス,イエベ秋,ストレート,スカイブルー,どんなスタイルにも合わせやすい、万能なシューズ。
スリムフィットデニム,ボトムス,ブルベ冬,ウェーブ,ブラック,オフィスにも着ていける上品なデザインが魅力です。
クルーネックニット Tシャツ,トップス,イエベ秋,ナチュラル,チャコールグレー,デコルテを綺麗に見せるVネックデザイン。
コンフォートスニーカー,シューズ,ブルベ夏,ナチュラル,ブラック,重ね塗りで印象が自由自在に変わります。
クルーネックニット シャツ,トップス,イエベ春,ナチュラル,クリームホワイト,リラックス感がありながらも、こなれた印象に仕上げます。
モイスチャーファンデ,ベースメイク,ブルベ夏,ナチュラル,アイボリー,一日中崩れにくい、完璧なベースメイクを叶えます。
ナチュラルチーク,チーク,イエベ春,ウェーブ,コーラル,快適なフィット感で歩きやすく、疲れにくいです。
シルキーリップ グロス,リップ,ブルベ夏,ウェーブ,ライトコーラル,なめらかなテクスチャーで肌にすっと伸びます。
グロッシーネイルポリッシュ,ネイル,イエベ秋,ストレート,グレー,脚長効果抜群のスリムフィットパンツ。
ミニマルフープピアス,アクセサリー,ブルベ夏,ウェーブ,シルバー,上品なシルエットで、どんなスタイルにもマッチします。
クルーネックニット セーター,トップス,ブルベ夏,ストレート,チャコールグレー,定番のアイテムで、どんなボトムスにも合わせやすいです。
スリムフィットデニム,ボトムス,ブルベ冬,ナチュラル,ライトブルー,なめらかなテクスチャーで肌にすっと伸びます。
プリントワンピース,ワンピース,ブルベ冬,ナチュラル,プラム,日常使いに最適な、上質な素材を使用しています。
トレンチコート,アウター,イエベ秋,ウェーブ,カーキ,一枚でサマになる、エレガントなワンピース。
スリムフィットデニム,ボトムス,イエベ春,ストレート,ライトブルー,顔周りを華やかに彩る、アクセントになる一品。
ナチュラルチーク,チーク,イエベ秋,ナチュラル,ブラウン,上品なシルエットで、どんなスタイルにもマッチします。
モイスチャーファンデ,ベースメイク,ブルベ冬,ストレート,アイボリー,繊細なラメが光を反射し、華やかさをプラスします。
コンフォートスニーカー,シューズ,ブルベ夏,ウェーブ,ホワイト,オフィスにも着ていける上品なデザインが魅力です。
ナチュラルチーク,チーク,イエベ秋,ナチュラル,ブラウン,女性らしい柔らかな印象を与えるデザインが魅力です。
シンプルスカート,ボトムス,ブルベ冬,ストレート,アイボリー,大容量で普段使いに最適なバッグ。
シルキーリップ ティント,リップ,ブルベ夏,ナチュラル,プラム,上品なシルエットで、どんなスタイルにもマッチします。
ナチュラルチーク,チーク,ブルベ夏,ナチュラル,コーラル,洗練されたデザインでビジネスシーンにも活躍します。
プリントワンピース,ワンピース,ブルベ冬,ストレート,スカイブルー,快適な履き心地で長時間の移動にもおすすめです。
コンフォートスニーカー,シューズ,イエベ秋,ウェーブ,ネイビーブルー,季節の変わり目に重宝する、着回し力の高いアイテム。
ドロップショルダーT ブラウス,トップス,イエベ春,ナチュラル,ブラック,カジュアルながらも着回し力抜群のアイテム。
レザートート,バッグ,イエベ秋,ストレート,ブラック,休日のカジュアルスタイルにもぴったりの一着。
トレンチコート,アウター,ブルベ冬,ナチュラル,ベージュ,季節の変わり目に重宝する、着回し力の高いアイテム。
シルキーリップ ティント,リップ,イエベ秋,ストレート,ダスティローズ,自然なツヤ感で立体感を演出するメイクアイテム。
ストレートパンツ,ボトムス,イエベ春,ストレート,ブラック,オフィスにも着ていける上品なデザインが魅力です。
コンフォートスニーカー,シューズ,ブルベ夏,ナチュラル,ネイビーブルー,女性らしい柔らかな印象を与えるデザインが魅力です。
シルキーリップ グロス,リップ,イエベ春,ウェーブ,プラム,なめらかなテクスチャーで肌にすっと伸びます。
レザートート,バッグ,イエベ春,ストレート,ベージュ,重ね塗りで印象が自由自在に変わります。
シャイニーアイシャドウ シングル,アイシャドウ,ブルベ冬,ストレート,イエローゴールド,上質な素材で肌触りも良く、着心地抜群です。
ストレートパンツ,ボトムス,ブルベ夏,ナチュラル,ネイビーブルー,日常使いに最適な、肌馴染みの良いアイテムです。
トレンチコート,アウター,イエベ秋,ナチュラル,カーキ,乾燥しにくく、しっとりとした潤いが続きます。
シンプルスカート,ボトムス,イエベ秋,ストレート,ブラック,透明感のある発色で、自然な仕上がりに。
ドロップショルダーT セーター,トップス,イエベ春,ウェーブ,ミントグリーン,一枚でサマになる、エレガントなワンピース。
コンフォートスニーカー,シューズ,イエベ春,ナチュラル,ネイビーブルー,自然なツヤ感で立体感を演出するメイクアイテム。
ドロップショルダーT セーター,トップス,イエベ春,ウェーブ,オレンジ,一枚でサマになる、エレガントなワンピース。
モイスチャーファンデ,ベースメイク,ブルベ冬,ウェーブ,ベージュ,高機能で肌に優しい処方です。
ストレートパンツ,ボトムス,イエベ春,ストレート,ベージュ,一日中崩れにくい、完璧なベースメイクを叶えます。
シルキーリップ ティント,リップ,イエベ秋,ナチュラル,プラム,カジュアルながらも着回し力抜群のアイテム。
スリムフィットデニム,ボトムス,イエベ秋,ストレート,インディゴ,長時間よれにくいウォータープルーフ処方です。
プリントワンピース,ワンピース,イエベ秋,ナチュラル,イエローゴールド,快適な履き心地で長時間の移動にもおすすめです。
シンプルスカート,ボトムス,ブルベ夏,ウェーブ,アイボリー,一日中崩れにくい、完璧なベースメイクを叶えます。
クルーネックニット セーター,トップス,ブルベ冬,ナチュラル,ラベンダー,上質な素材で肌触りも良く、着心地抜群です。
シャイニーアイシャドウ パレット,アイシャドウ,ブルベ冬,ナチュラル,カーキ,すっきりとしたシルエットでスタイルアップ効果も。
トレンチコート,アウター,イエベ春,ナチュラル,ベージュ,上品なシルエットで、どんなスタイルにもマッチします。
グロッシーネイルポリッシュ,ネイル,ブルベ夏,ウェーブ,レッド,一枚でサマになる、エレガントなワンピース。
モイスチャーファンデ,ベースメイク,イエベ秋,ナチュラル,アイボリー,小顔効果が期待できる、こだわりのデザイン。
プリントワンピース,ワンピース,イエベ秋,ウェーブ,スカイブルー,一日中崩れにくい、完璧なベースメイクを叶えます。
プリントワンピース,ワンピース,ブルベ夏,ストレート,プラム,乾燥しにくく、しっとりとした潤いが続きます。
ミニマルフープピアス,アクセサリー,イエベ春,ウェーブ,ゴールド,カジュアルながらも着回し力抜群のアイテム。
ストレートパンツ,ボトムス,イエベ秋,ストレート,ベージュ,一枚でサマになる、エレガントなワンピース。
プリントワンピース,ワンピース,イエベ秋,ウェーブ,スカイブルー,繊細なラメが光を反射し、華やかさをプラスします。
ナチュラルチーク,チーク,イエベ春,ウェーブ,ブラウン,脚長効果抜群のスリムフィットパンツ。
ストレートパンツ,ボトムス,ブルベ冬,ストレート,ブラック,なめらかなテクスチャーで肌にすっと伸びます。
コンフォートスニーカー,シューズ,ブルベ夏,ストレート,グレー,顔周りを華やかに彩る、アクセントになる一品。
モイスチャーファンデ,ベースメイク,ブルベ冬,ウェーブ,オークル,重ね塗りで印象が自由自在に変わります。
プリントワンピース,ワンピース,イエベ春,ナチュラル,スカイブルー,顔周りを華やかに彩る、アクセントになる一品。
ドロップショルダーT Tシャツ,トップス,イエベ秋,ウェーブ,ブラック,指先を美しく彩る高発色ネイルポリッシュ。
ミニマルフープピアス,アクセサリー,イエベ秋,ストレート,シルバー,一日中崩れにくい、完璧なベースメイクを叶えます。
ドロップショルダーT セーター,トップス,ブルベ夏,ナチュラル,ホワイト,上質な素材で肌触りも良く、着心地抜群です。
シャイニーアイシャドウ パレット,アイシャドウ,ブルベ冬,ストレート,ウォームベージュ,顔周りを華やかに彩る、アクセントになる一品。
ナチュラルチーク,チーク,イエベ春,ウェーブ,フューシャ,日常使いに最適な、上質な素材を使用しています。
トレンチコート,アウター,ブルベ冬,ウェーブ,ベージュ,季節の変わり目に重宝する、着回し力の高いアイテム。
シルキーリップ スティック,リップ,ブルベ夏,ウェーブ,ライトコーラル,上品なシルエットで、どんなスタイルにもマッチします。
グロッシーネイルポリッシュ,ネイル,ブルベ夏,ストレート,ネイビーブルー,乾燥しにくく、しっとりとした潤いが続きます。
クルーネックニット セーター,トップス,イエベ春,ナチュラル,バーガンディ,高機能で肌に優しい処方です。
クルーネックニット Tシャツ,トップス,ブルベ冬,ストレート,ラベンダー,一枚でサマになる、エレガントなワンピース。
ストレートパンツ,ボトムス,ブルベ冬,ストレート,ベージュ,日常使いに最適な、肌馴染みの良いアイテムです。
シャイニーアイシャドウ シングル,アイシャドウ,イエベ春,ストレート,ミントグリーン,カジュアルながらも着回し力抜群のアイテム。
コンフォートスニーカー,シューズ,イエベ秋,ウェーブ,ネイビーブルー,上質な素材で肌触りも良く、着心地抜群です。
スリムフィットデニム,ボトムス,ブルベ夏,ストレート,ライトブルー,洗練されたデザインでビジネスシーンにも活躍します。
ストレートパンツ,ボトムス,ブルベ夏,ウェーブ,ネイビーブルー,上品なシルエットで、どんなスタイルにもマッチします。
グロッシーネイルポリッシュ,ネイル,ブルベ冬,ウェーブ,ベージュ,快適なフィット感で歩きやすく、疲れにくいです。
ミニマルフープピアス,アクセサリー,ブルベ冬,ストレート,ゴールド,大容量で普段使いに最適なバッグ。
ナチュラルチーク,チーク,ブルベ冬,ナチュラル,コーラル,なめらかなテクスチャーで肌にすっと伸びます。
レザートート,バッグ,ブルベ夏,ナチュラル,ブラック,大容量で普段使いに最適なバッグ。
スリムフィットデニム,ボトムス,イエベ春,ストレート,ライトブルー,透明感のある発色で、自然な仕上がりに。
シンプルスカート,ボトムス,ブルベ冬,ナチュラル,ダスティローズ,小顔効果が期待できる、こだわりのデザイン。
クルーネックニット ブラウス,トップス,ブルベ冬,ウェーブ,クリームホワイト,ファッションのアクセントになる、目を引くアイテム。
ストレートパンツ,ボトムス,イエベ秋,ストレート,ネイビーブルー,快適な履き心地で長時間の移動にもおすすめです。
シンプルスカート,ボトムス,イエベ秋,ストレート,ブラック,カジュアルながらも着回し力抜群のアイテム。
レザートート,バッグ,イエベ春,ストレート,ベージュ,ファッションのアクセントになる、目を引くアイテム。
ミニマルフープピアス,アクセサリー,ブルベ夏,ストレート,ゴールド,カジュアルながらも着回し力抜群のアイテム。
クルーネックニット シャツ,トップス,イエベ春,ナチュラル,バーガンディ,指先を美しく彩る高発色ネイルポリッシュ。
コンフォートスニーカー,シューズ,イエベ春,ウェーブ,ホワイト,顔周りを華やかに彩る、アクセントになる一品。
ドロップショルダーT ブラウス,トップス,ブルベ冬,ナチュラル,ミントグリーン,繊細なラメが光を反射し、華やかさをプラスします。
ミニマルフープピアス,アクセサリー,ブルベ夏,ストレート,ゴールド,脚長効果抜群のスリムフィットパンツ。
シンプルスカート,ボトムス,イエベ春,ウェーブ,アイボリー,すっきりとしたシルエットでスタイルアップ効果も。
モイスチャーファンデ,ベースメイク,ブルベ冬,ストレート,オークル,大容量で普段使いに最適なバッグ。
モイスチャーファンデ,ベースメイク,ブルベ冬,ウェーブ,オークル,カジュアルながらも着回し力抜群のアイテム。
プリントワンピース,ワンピース,イエベ秋,ナチュラル,レッド,血色感をプラスし、健康的な印象を演出します。
シンプルスカート,ボトムス,ブルベ夏,ナチュラル,ライトブルー,日常使いに最適な、肌馴染みの良いアイテムです。
コンフォートスニーカー,シューズ,イエベ春,ナチュラル,ブラック,なめらかなテクスチャーで肌にすっと伸びます。
シルキーリップ ティント,リップ,ブルベ冬,ストレート,プラム,なめらかなテクスチャーで肌にすっと伸びます。
プリントワンピース,ワンピース,イエベ秋,ウェーブ,レッド,一枚でサマになる、エレガントなワンピース。
シンプルスカート,ボトムス,ブルベ冬,ウェーブ,ライトブルー,大容量で普段使いに最適なバッグ。
シンプルスカート,ボトムス,イエベ春,ストレート,ブラック,快適なフィット感で歩きやすく、疲れにくいです。
シルキーリップ バーム,リップ,ブルベ夏,ストレート,プラム,デコルテを綺麗に見せるVネックデザイン。
ストレートパンツ,ボトムス,イエベ春,ウェーブ,ベージュ,季節の変わり目に重宝する、着回し力の高いアイテム。
シンプルスカート,ボトムス,ブルベ夏,ウェーブ,ライトブルー,どんなスタイルにも合わせやすい、万能なシューズ。
スリムフィットデニム,ボトムス,イエベ秋,ナチュラル,インディゴ,洗練されたデザインでビジネスシーンにも活躍します。
クルーネックニット ブラウス,トップス,ブルベ夏,ナチュラル,ブラウン,季節の変わり目に重宝する、着回し力の高いアイテム。
コンフォートスニーカー,シューズ,イエベ秋,ナチュラル,ブラック,快適な履き心地で長時間の移動にもおすすめです。
シンプルスカート,ボトムス,イエベ春,ナチュラル,ブラック,女性らしい柔らかな印象を与えるデザインが魅力です。
プリントワンピース,ワンピース,ブルベ夏,ナチュラル,プラム,一日中崩れにくい、完璧なベースメイクを叶えます。
シャイニーアイシャドウ リキッド,アイシャドウ,ブルベ冬,ウェーブ,ブラウン,日常使いに最適な、上質な素材を使用しています。
スリムフィットデニム,ボトムス,イエベ秋,ウェーブ,インディゴ,季節の変わり目に重宝する、着回し力の高いアイテム。
グロッシーネイルポリッシュ,ネイル,ブルベ冬,ナチュラル,レッド,透明感のある発色で、自然な仕上がりに。
シャイニーアイシャドウ リキッド,アイシャドウ,ブルベ冬,ナチュラル,ミントグリーン,乾燥しにくく、しっとりとした潤いが続きます。
レザートート,バッグ,ブルベ夏,ナチュラル,ベージュ,すっきりとしたシルエットでスタイルアップ効果も。
シンプルスカート,ボトムス,イエベ春,ウェーブ,ダスティローズ,乾燥しにくく、しっとりとした潤いが続きます。
ドロップショルダーT Tシャツ,トップス,イエベ秋,ナチュラル,ブラック,日常使いに最適な、肌馴染みの良いアイテムです。
クルーネックニット Tシャツ,トップス,イエベ春,ナチュラル,バーガンディ,自然なツヤ感で立体感を演出するメイクアイテム。
ドロップショルダーT シャツ,トップス,ブルベ夏,ナチュラル,ミントグリーン,乾燥しにくく、しっとりとした潤いが続きます。
ベーシックシャツ ブラウス,トップス,ブルベ夏,ナチュラル,ブラック,休日のカジュアルスタイルにもぴったりの一着。
トレンチコート,アウター,ブルベ冬,ナチュラル,ネイビーブルー,どんなスタイルにも合わせやすい、万能なシューズ。
ベーシックシャツ シャツ,トップス,イエベ春,ナチュラル,ネイビーブルー,どんなスタイルにも合わせやすい、万能なシューズ。
ミニマルフープピアス,アクセサリー,ブルベ夏,ナチュラル,シルバー,自然なツヤ感で立体感を演出するメイクアイテム。
ベーシックシャツ セーター,トップス,イエベ秋,ナチュラル,カーキ,カジュアルながらも着回し力抜群のアイテム。
ナチュラルチーク,チーク,ブルベ夏,ストレート,ローズ,ファッションのアクセントになる、目を引くアイテム。
グロッシーネイルポリッシュ,ネイル,イエベ春,ウェーブ,ベビーピンク,乾燥しにくく、しっとりとした潤いが続きます。
ストレートパンツ,ボトムス,ブルベ冬,ウェーブ,グレー,一日中崩れにくい、完璧なベースメイクを叶えます。
シャイニーアイシャドウ シングル,アイシャドウ,イエベ秋,ストレート,アプリコット,定番のアイテムで、どんなボトムスにも合わせやすいです。
モイスチャーファンデ,ベースメイク,イエベ春,ウェーブ,ベージュ,大容量で普段使いに最適なバッグ。
グロッシーネイルポリッシュ,ネイル,イエベ春,ウェーブ,ベージュ,快適なフィット感で歩きやすく、疲れにくいです。
シャイニーアイシャドウ パレット,アイシャドウ,ブルベ夏,ナチュラル,クールグレー,日常使いに最適な、上質な素材を使用しています。
ストレートパンツ,ボトムス,イエベ秋,ナチュラル,ネイビーブルー,日常使いに最適な、上質な素材を使用しています。
プリントワンピース,ワンピース,ブルベ冬,ナチュラル,イエローゴールド,日常使いに最適な、上質な素材を使用しています。
ベーシックシャツ セーター,トップス,ブルベ冬,ストレート,ネイビーブルー,洗練されたデザインでビジネスシーンにも活躍します。
シルキーリップ グロス,リップ,イエベ春,ウェーブ,ベビーピンク,ファッションのアクセントになる、目を引くアイテム。
ベーシックシャツ シャツ,トップス,ブルベ夏,ウェーブ,ネイビーブルー,トレンドを取り入れたシルエットで今っぽさを演出。
コンフォートスニーカー,シューズ,ブルベ冬,ナチュラル,ネイビーブルー,顔周りを華やかに彩る、アクセントになる一品。
プリントワンピース,ワンピース,イエベ秋,ウェーブ,レッド,トレンドを取り入れたシルエットで今っぽさを演出。
シルキーリップ バーム,リップ,イエベ秋,ナチュラル,レッド,デコルテを綺麗に見せるVネックデザイン。
トレンチコート,アウター,イエベ春,ウェーブ,カーキ,上品なシルエットで、どんなスタイルにもマッチします。
モイスチャーファンデ,ベースメイク,イエベ秋,ストレート,ベージュ,オフィスにも着ていける上品なデザインが魅力です。
トレンチコート,アウター,ブルベ冬,ウェーブ,カーキ,なめらかなテクスチャーで肌にすっと伸びます。
ナチュラルチーク,チーク,ブルベ夏,ウェーブ,ピーチ,すっきりとしたシルエットでスタイルアップ効果も。
シャイニーアイシャドウ シングル,アイシャドウ,ブルベ冬,ナチュラル,ブラウン,なめらかなテクスチャーで肌にすっと伸びます。
クルーネックニット セーター,トップス,イエベ春,ストレート,バーガンディ,上質な素材で肌触りも良く、着心地抜群です。
クルーネックニット ブラウス,トップス,ブルベ冬,ウェーブ,クリームホワイト,リラックス感がありながらも、こなれた印象に仕上げます。
コンフォートスニーカー,シューズ,イエベ秋,ウェーブ,ホワイト,指先を美しく彩る高発色ネイルポリッシュ。
プリントワンピース,ワンピース,イエベ春,ウェーブ,レッド,大容量で普段使いに最適なバッグ。
プリントワンピース,ワンピース,イエベ秋,ストレート,レッド,指先を美しく彩る高発色ネイルポリッシュ。
ストレートパンツ,ボトムス,ブルベ夏,ナチュラル,ネイビーブルー,透明感のある発色で、自然な仕上がりに。
モイスチャーファンデ,ベースメイク,イエベ秋,ナチュラル,オークル,一日中崩れにくい、完璧なベースメイクを叶えます。
グロッシーネイルポリッシュ,ネイル,イエベ秋,ナチュラル,ホワイト,小顔効果が期待できる、こだわりのデザイン。
シャイニーアイシャドウ リキッド,アイシャドウ,ブルベ夏,ストレート,ブラウン,日常使いに最適な、肌馴染みの良いアイテムです。
ナチュラルチーク,チーク,イエベ秋,ナチュラル,ローズ,足元をエレガントに演出するデザインです。
グロッシーネイルポリッシュ,ネイル,ブルベ夏,ストレート,ホワイト,透明感のある発色で、自然な仕上がりに。
クルーネックニット ブラウス,トップス,ブルベ冬,ウェーブ,クリームホワイト,日常使いに最適な、上質な素材を使用しています。
ストレートパンツ,ボトムス,イエベ春,ストレート,ネイビーブルー,定番のアイテムで、どんなボトムスにも合わせやすいです。
トレンチコート,アウター,ブルベ夏,ウェーブ,ネイビーブルー,休日のカジュアルスタイルにもぴったりの一着。
シンプルスカート,ボトムス,ブルベ冬,ストレート,ダスティローズ,脚長効果抜群のスリムフィットパンツ。
レザートート,バッグ,ブルベ冬,ウェーブ,ワインレッド,指先を美しく彩る高発色ネイルポリッシュ。
ベーシックシャツ Tシャツ,トップス,イエベ春,ナチュラル,ベージュ,繊細なラメが光を反射し、華やかさをプラスします。
ストレートパンツ,ボトムス,ブルベ夏,ナチュラル,ベージュ,足元をエレガントに演出するデザインです。
トレンチコート,アウター,イエベ秋,ナチュラル,カーキ,洗練されたデザインでビジネスシーンにも活躍します。
トレンチコート,アウター,ブルベ夏,ナチュラル,ベージュ,足元をエレガントに演出するデザインです。
モイスチャーファンデ,ベースメイク,ブルベ夏,ストレート,オークル,洗練されたデザインでビジネスシーンにも活躍します。
シンプルスカート,ボトムス,ブルベ夏,ナチュラル,ライトブルー,休日のカジュアルスタイルにもぴったりの一着。
ジューシーピーチリップ,リップ,イエベ春,ウェーブ,ピーチ,イエベ春にぴったりのジューシーピーチリップ。
フレッシュコーラルルージュ,リップ,イエベ春,ナチュラル,コーラル,イエベ春にぴったりのフレッシュコーラルルージュ。
アプリコットグリッターパレット,アイシャドウ,イエベ春,ウェーブ,アプリコット,イエベ春にぴったりのアプリコットグリッターパレット。
ブライトイエローアイシャドウ,アイシャドウ,イエベ春,ナチュラル,イエローゴールド,イエベ春にぴったりのブライトイエローアイシャドウ。
クリアコーラルブラッシュ,チーク,イエベ春,ストレート,コーラル,イエベ春にぴったりのクリアコーラルブラッシュ。
ピーチベージュチーク,チーク,イエベ春,ウェーブ,ピーチ,イエベ春にぴったりのピーチベージュチーク。
マットテラコッタリキッド,リップ,イエベ秋,ウェーブ,テラコッタ,イエベ秋にぴったりのマットテラコッタリキッド。
ディープブラウンルージュ,リップ,イエベ秋,ナチュラル,ブラウン,イエベ秋にぴったりのディープブラウンルージュ。
カーキブラウンアイパレット,アイシャドウ,イエベ秋,ウェーブ,カーキ,イエベ秋にぴったりのカーキブラウンアイパレット。
ウォームオレンジアイシャドウ,アイシャドウ,イエベ秋,ウェーブ,オレンジ,イエベ秋にぴったりのウォームオレンジアイシャドウ。
ブロンズハイライトチーク,チーク,イエベ秋,ウェーブ,ブラウン,イエベ秋にぴったりのブロンズハイライトチーク。
テラコッタパウダーチーク,チーク,イエベ秋,ナチュラル,テラコッタ,イエベ秋にぴったりのテラコッタパウダーチーク。
シアーローズピンクリップ,リップ,ブルベ夏,ナチュラル,ベビーピンク,ブルベ夏にぴったりのシアーローズピンクリップ。
ローズベージュルージュ,リップ,ブルベ夏,ナチュラル,ローズ,ブルベ夏にぴったりのローズベージュルージュ。
ラベンダーモーヴパレット,アイシャドウ,ブルベ夏,ストレート,ラベンダー,ブルベ夏にぴったりのラベンダーモーヴパレット。
ミントグリーンアイシャドウ,アイシャドウ,ブルベ夏,ウェーブ,ミント,ブルベ夏にぴったりのミントグリーンアイシャドウ。
クリアローズブラッシュ,チーク,ブルベ夏,ナチュラル,ローズ,ブルベ夏にぴったりのクリアローズブラッシュ。
ベビーピンククリームチーク,チーク,ブルベ夏,ナチュラル,ベビーピンク,ブルベ夏にぴったりのベビーピンククリームチーク。
ベリーレッドルージュ,リップ,ブルベ冬,ストレート,ワインレッド,ブルベ冬にぴったりのベリーレッドルージュ。
プラムマットリップ,リップ,ブルベ冬,ナチュラル,プラム,ブルベ冬にぴったりのプラムマットリップ。
スモーキーグレーパレット,アイシャドウ,ブルベ冬,ナチュラル,グレー,ブルベ冬にぴったりのスモーキーグレーパレット。
ロイヤルブルーアイシャドウ,アイシャドウ,ブルベ冬,ストレート,ネイビーブルー,ブルベ冬にぴったりのロイヤルブルーアイシャドウ。
フューシャピンクブラッシュ,チーク,ブルベ冬,ナチュラル,フューシャ,ブルベ冬にぴったりのフューシャピンクブラッシュ。
クールレッドチーク,チーク,ブルベ冬,ウェーブ,レッド,ブルベ冬にぴったりのクールレッドチーク。
Vネックきれいめニット,トップス,イエベ秋,ストレート,ブラック,ストレートに似合うVネックきれいめニット。
テーラードジャケット,トップス,ブルベ冬,ストレート,ネイビーブルー,ストレートに似合うテーラードジャケット。
センタープレスストレートパンツ,ボトムス,イエベ春,ストレート,グレー,ストレートに似合うセンタープレスストレートパンツ。
スリムフィットデニム,ボトムス,ブルベ冬,ストレート,インディゴ,ストレートに似合うスリムフィットデニム。
ボートネックパフスリーブブラウス,トップス,ブルベ夏,ウェーブ,アイボリー,ウェーブに似合うボートネックパフスリーブブラウス。
リボン付きブラウス,トップス,ブルベ夏,ウェーブ,ベビーピンク,ウェーブに似合うリボン付きブラウス。
Aラインフレアスカート,ボトムス,ブルベ夏,ウェーブ,ライトブルー,ウェーブに似合うAラインフレアスカート。
プリーツミディスカート,ボトムス,イエベ秋,ウェーブ,ベージュ,ウェーブに似合うプリーツミディスカート。
オーバーサイズリネンシャツ,トップス,イエベ春,ナチュラル,カーキ,ナチュラルに似合うオーバーサイズリネンシャツ。
ケーブルニット,トップス,ブルベ冬,ナチュラル,ブラウン,ナチュラルに似合うケーブルニット。
ワイドテーパードデニム,ボトムス,ブルベ冬,ナチュラル,インディゴ,ナチュラルに似合うワイドテーパードデニム。
リラックスフィットチノ,ボトムス,イエベ春,ナチュラル,ベージュ,ナチュラルに似合うリラックスフィットチノ。
